16, 464
26, 120
30, 943
47, 208
57, 333
67, 1514
79, 1163
96, 789
105, 276
117, 240
125, 1294
132, 171
143, 1104
160, 155
166, 779
169, 661
178, 1009
185, 1211
195, 236
203, 119
213, 1487
217, 1432
218, 1363
220, 1413
236, 1300
249, 87
259, 1434
267, 1266
273, 194
281, 833
298, 699
317, 735
320, 950
326, 469
328, 1161
341, 640
347, 1331
365, 1409
375, 577
378, 743
393, 287
397, 1028
400, 822
412, 704
425, 397
432, 1131
435, 1081
443, 78
457, 230
460, 412
473, 782
491, 997
492, 1176
512, 690
532, 529
550, 661
551, 378
560, 528
562, 71
581, 381
600, 337
613, 889
628, 958
642, 826
645, 1149
651, 949
666, 136
684, 452
692, 994
697, 174
704, 792
714, 448
722, 835
726, 1400
738, 1443
748, 625
764, 1335
768, 1030
774, 905
783, 1010
789, 971
793, 536
804, 1338
812, 1202
830, 454
833, 579
847, 1214
849, 692
861, 157
867, 1083
884, 676
899, 535
904, 138
924, 1136
935, 1543
949, 204
967, 925
978, 552
984, 84
990, 751
1002, 1346
1012, 811
1026, 1453
1030, 181
1044, 1265
1045, 1096
1053, 122
1056, 1449
1074, 923
1081, 369
1093, 70
1108, 214
1124, 94
1136, 1266
1147, 1115
1162, 1266
1163, 1232
1175, 1559
1189, 1215
1204, 743
1222, 1477
1240, 1150
1258, 675
1261, 705
1279, 525
1293, 246
1298, 1232
1300, 353
1312, 1294
1332, 227
1347, 677
1358, 225
1360, 1528
1362, 203
1365, 1283
1368, 905
1375, 572
1393, 1238
1399, 741
1416, 880
1434, 1244
1451, 475
1462, 1049
1467, 901
1468, 1270
1477, 441
1483, 1405
1485, 338
1500, 345
1520, 1207
1532, 986
1536, 969
1542, 1490
1557, 1044
1561, 608
1572, 1017
1585, 1272
1605, 1043
1623, 655
1641, 1374
1652, 1193
1665, 233
1680, 900
1688, 1250
1703, 1259
1717, 886
1723, 1426
1730, 701
1748, 868
1751, 68
1761, 266
1769, 202
1777, 1266
1789, 596
1798, 196
1802, 1559
1813, 1359
1823, 1546
1837, 152
1847, 913
1850, 738
1855, 214
1863, 289
1865, 606
1877, 1501
1882, 965
1896, 1129
1911, 217
1918, 773
1937, 1396
1950, 1359
1960, 713
1965, 833
1975, 714
1995, 656
2005, 1479
2011, 1179
2022, 1245
2025, 839
2043, 1227
2046, 1381
2066, 1477
2074, 1313
2084, 351
2093, 73
2096, 328
2101, 681
2115, 1364
2123, 802
2135, 919
2136, 720
2145, 640
2162, 1209
2164, 656
2167, 847
2178, 1310
2186, 160
2204, 1462
2217, 1280
2221, 164
2240, 71
2242, 1128
2248, 973
2251, 1008
2264, 650
2284, 1466
2292, 197
2312, 287
2323, 544
2339, 1510
2358, 433
2376, 333
2391, 1223
2409, 937
2410, 1076
2419, 648
2423, 902
2437, 420
2456, 127
2465, 877
2484, 1189
2490, 779
2504, 1518
2517, 1317
2526, 437
2529, 1493
2533, 457
2542, 1049
2557, 1309
2569, 1233
2588, 1252
2593, 1335
2597, 326
2598, 411
2599, 1044
2615, 1207
2630, 392
2643, 1134
2658, 1159
2672, 630
2687, 1495
2697, 1103
2710, 664
2728, 946
2732, 1123
2744, 1072
2763, 673
2783, 992
2784, 1104
2785, 467
2801, 1238
2805, 1469
2821, 194
2824, 462
2842, 373
2855, 826
2859, 1254
2867, 534
2878, 1537
2889, 1480
2893, 832
2907, 829
2910, 549
2928, 856
2929, 1082
2938, 1034
2945, 467
2954, 1408
2969, 1192
2981, 1244
2992, 1027
2996, 1313
3008, 750
3015, 1292
3016, 1408
3018, 1379
3026, 1228
3032, 1159
3052, 1103
3059, 935
3075, 111
3084, 1217
3091, 835
3110, 468
3130, 677
3148, 921
3159, 997
3168, 1198
3181, 608
3191, 1006
3195, 153
3205, 338
3220, 1299
3224, 679
3241, 864
3248, 705
3255, 964
3272, 167
3279, 1257
3281, 97
3299, 601
3313, 211
3315, 972
3317, 326
3325, 451
3326, 923
3346, 925
3356, 1326
3375, 1230
3383, 1053
3391, 946
3410, 1414
3428, 579
3437, 998
3445, 1157
3464, 515
3470, 76
3482, 1258
3489, 1451
3503, 545
3523, 296
3539, 949
3551, 224
3571, 779
3583, 1364
3585, 1100
3598, 1468
3603, 777
3615, 783
3632, 1100
3641, 575
3661, 373
3672, 215
3688, 1292
3699, 1246
3708, 975
3719, 1354
3722, 802
3739, 592
3754, 137
3773, 1510
3788, 726
3797, 1434
3803, 480
3812, 673
3829, 559
3848, 524
3867, 1132
3885, 1485
3892, 695
3897, 945
3916, 668
3933, 497
3943, 591
3957, 583
3972, 540
3976, 598
3989, 1025
4005, 1053
4008, 281
4015, 199
4032, 1005
4038, 667
4048, 952
4058, 586
4073, 1168
4083, 717
4103, 1483
4114, 1329
4132, 812
4140, 864
4160, 1203
4162, 1294
4164, 606
4169, 916
4187, 569
4206, 512
4223, 762
4240, 1408
4251, 1265
4263, 611
4269, 67
4286, 773
4290, 714
4299, 811
4308, 509
4326, 880
4328, 1275
4330, 422
4350, 1001
4355, 391
4368, 1075
4372, 721
4377, 1436
4381, 1232
4397, 435
4413, 79
4427, 100
4442, 906
4449, 191
4467, 1366
4483, 1185
4484, 1385
4489, 640
4504, 964
4509, 1130
4516, 391
4523, 1233
4539, 564
4545, 1321
4553, 398
4560, 669
4561, 1010
4570, 95
4574, 1415
4575, 1447
4590, 383
4598, 1394
4614, 1450
4628, 954
4642, 870
4649, 996
4665, 139
4676, 1441
4679, 276
4697, 1299
4698, 246
4701, 304
4712, 745
4730, 999
4741, 680
4759, 285
4774, 372
4789, 1342
4801, 648
4816, 109
4822, 1480
4842, 1225
4853, 1439
4872, 872
4874, 1181
4877, 1368
4892, 197
4911, 1521
4915, 1391
4927, 114
4928, 1161
4931, 747
4942, 311
4952, 822
4961, 441
4978, 1464
4994, 364
5013, 1559
5030, 603
5036, 702
5049, 372
5052, 881
5072, 641
5081, 661
5098, 948
5111, 894
5120, 1327
5130, 1375
5148, 836
5150, 1281
5168, 1528
5177, 921
5189, 220
5193, 1095
5207, 792
5215, 75
5222, 1332
5230, 613
5233, 625
5249, 111
5258, 113
5262, 844
5274, 725
5283, 414
5300, 777
5314, 985
5334, 1189
5347, 1346
5364, 1475
5371, 353
5388, 941
5393, 371
5406, 205
5411, 122
5429, 1198
5437, 454
5454, 1473
5467, 1427
5480, 447
5486, 648
5498, 628
5503, 888
5509, 1249
5520, 808
5536, 682
5548, 1400
5567, 1067
5580, 241
5598, 100
5607, 1422
5616, 690
5621, 581
5637, 848
5649, 1389
5654, 934
5657, 1329
5667, 576
5672, 728
5677, 111
5686, 183
5706, 1356
5721, 694
5724, 193
5740, 806
5751, 1283
5761, 810
5763, 1276
5770, 817
5782, 450
5795, 1128
5815, 597
5825, 945
5828, 738
5833, 1431
5837, 955
5850, 1314
5860, 941
5872, 845
5882, 727
5896, 690
5903, 953
5918, 274
5932, 444
5938, 490
5955, 688
5959, 1433
5976, 1464
5981, 1255
5989, 925
5994, 742
6014, 774
6031, 1015
6040, 1309
6047, 1050
6058, 281
6061, 753
6076, 267
6084, 118
6087, 691
6090, 700
6107, 397
6124, 1176
6133, 1108
6140, 489
6145, 73
6150, 1060
6159, 1102
6174, 868
6192, 1493
6200, 89
6203, 1120
6215, 1091
6222, 1011
6231, 1033
6236, 860
6252, 747
6261, 1341
6265, 1349
6268, 1411
6284, 609
6302, 618
6307, 103
6321, 1094
6327, 1462
6331, 1256
6338, 934
6347, 247
6358, 571
6376, 1432
6390, 1333
6394, 72
6412, 202
6432, 713
6434, 332
6442, 268
6461, 1083
6466, 1121
6471, 1509
6475, 1103
6485, 317
6489, 1218
6494, 372
6508, 246
6514, 994
6515, 975
6530, 180
6541, 1525
6543, 874
6558, 132
6571, 588
6582, 452
6600, 385
6609, 1337
6614, 771
6632, 371
6647, 760
6665, 1000
6685, 312
6691, 746
6694, 737
6709, 1206
6713, 359
6715, 1197
6717, 807
6734, 915
6753, 238
6770, 1213
6790, 722
6798, 487
6803, 697
6804, 1413
6817, 1089
6818, 845
6832, 1550
6840, 954
6856, 1337
6861, 1427
6866, 310
6884, 644
6888, 1549
6900, 268
6906, 1254
6919, 682
6932, 769
6951, 1182
6956, 555
6968, 558
6980, 334
6998, 461
7015, 1234
7024, 586
7031, 1377
7049, 1098
7064, 1520
7083, 1232
7089, 1116
7105, 633
7113, 692
7117, 964
7135, 1207
7144, 194
7146, 124
7150, 176
7170, 1496
7174, 985
7189, 1400
7197, 207
7199, 172
7214, 874
7234, 903
7250, 571
7268, 795
7278, 574
7281, 1532
7291, 509
7292, 1488
7306, 795
7312, 146
7324, 722
7333, 1383
7345, 944
7359, 900
7373, 656
7393, 1237
7397, 303
7402, 721
7420, 921
7423, 1344
7429, 885
7438, 105
7456, 119
7467, 764
7479, 882
7490, 1175
7499, 385
7519, 1003
7532, 1098
7552, 1509
7554, 621
7570, 165
7582, 129
7597, 1091
7609, 1012
7626, 789
7633, 1256
7642, 1560
7659, 298
7663, 1458
7667, 1278
7686, 1156
7689, 743
7704, 831
7716, 868
7720, 88
7729, 1031
7749, 444
7752, 561
7760, 1017
7775, 426
7787, 1359
7789, 838
7799, 469
7805, 201
7822, 964
7827, 771
7831, 616
7848, 647
7859, 1152
7876, 1333
7878, 1385
7881, 661
7888, 1102
7906, 930
7908, 587
7914, 1554
7929, 1053
7947, 908
7949, 1256
7959, 1224
7975, 1444
7992, 1310
7996, 1509
8004, 725
8005, 683
8012, 1537
8030, 268
8033, 1331
8050, 1439
8055, 1300
8071, 1312
8077, 1297
8097, 341
8117, 473
8133, 1465
8145, 1111
8152, 1531
8172, 502
8189, 1101
8200, 954
8215, 141
8218, 916
8234, 421
8240, 1441
8254, 454
8265, 859
8274, 254
8277, 401
8279, 997
8287, 1469
8307, 760
8320, 1115
8324, 361
8331, 1187
8333, 282
8344, 85
8347, 289
8359, 103
8371, 719
8374, 132
8392, 884
8401, 796
8412, 395
8420, 1393
8426, 694
8427, 456
8437, 120
8446, 335
8463, 1037
8469, 829
8488, 1362
8507, 1182
8523, 550
8542, 925
8552, 1355
8559, 1427
8560, 1005
8579, 155
8596, 1072
8610, 142
8616, 1412
8635, 263
8645, 1486
8660, 915
8673, 705
8689, 625
8701, 702
8709, 1122
8722, 1423
8725, 639
8735, 1409
8740, 859
8748, 757
8760, 210
8771, 972
8775, 530
8778, 1367
8797, 305
8814, 846
8821, 775
8840, 707
8846, 1126
8850, 1049
8860, 1092
8864, 573
8869, 1392
8889, 1045
8899, 234
8904, 1156
8920, 899
8925, 1137
8932, 248
8949, 1475
8958, 499
8975, 576
8985, 184
8998, 1392
9017, 153
9022, 809
9034, 1288
9054, 204
9058, 64
9062, 119
9072, 1514
9089, 1417
9093, 585
9104, 797
9106, 1068
9115, 1191
9119, 1151
9122, 903
9130, 1186
9132, 844
9148, 649
9167, 1432
9174, 1254
9175, 256
9184, 159
9195, 266
9207, 595
9224, 1493
9236, 561
9245, 966
9263, 307
9272, 708
9281, 767
9285, 713
9294, 1135
9308, 419
9317, 754
9321, 1063
9331, 347
9334, 1405
9350, 1414
9369, 280
9389, 1023
9400, 108
9415, 313
9418, 1310
9433, 1324
9440, 1418
9459, 779
9461, 204
9468, 201
9481, 940
9482, 268
9495, 662
9505, 966
9515, 562
9535, 956
9536, 607
9551, 856
9556, 186
9566, 991
9579, 617
9595, 1523
9600, 1521
9607, 1277
9610, 1233
9623, 95
9642, 968
9658, 1456
9664, 309
9666, 1520
9668, 1145
9686, 109
9704, 244
9721, 962
9730, 423
9742, 671
9750, 1297
9759, 657
9764, 649
9781, 551
9782, 276
9787, 1073
9799, 1299
9807, 741
9814, 471
9817, 800
9820, 1304
9825, 1394
9830, 1342
9835, 983
9848, 1519
9866, 1160
9868, 608
9879, 485
9880, 205
9896, 1085
9910, 892
9922, 1240
9942, 1269
9956, 475
9969, 970
9985, 1106
9994, 1196
10008, 222
10013, 907
10021, 949
10041, 641
10049, 854
10066, 932
10068, 615
10075, 831
10084, 1253
10096, 1263
10097, 707
10105, 1414
10113, 1439
10123, 512
10129, 282
10133, 676
10149, 469
10169, 829
10179, 359
10188, 194
10193, 149
10212, 535
10221, 1164
10227, 669
10230, 165
10243, 991
10251, 899
10269, 1506
10287, 1340
10303, 158
10308, 1521
10317, 910
10329, 171
10342, 1085
10352, 1294
10370, 1354
10380, 1102
10394, 270
10403, 327
10413, 332
10419, 785
10431, 1461
10442, 1086
10449, 88
10461, 350
10470, 551
10474, 1022
10476, 1492
10482, 293
10502, 307
10522, 681
10536, 497
10550, 1196
10558, 1376
10568, 380
10575, 935
10583, 575
10592, 517
10595, 1282
10599, 1173
10616, 534
10631, 529
10647, 333
10652, 559
10665, 227
10681, 979
10698, 920
10711, 1538
10725, 843
10740, 1447
10755, 1107
10756, 868
10771, 393
10783, 783
10790, 847
10793, 277
10802, 883
10815, 474
10831, 1279
10851, 447
10869, 327
10880, 437
10893, 64
10900, 363
10913, 151
10919, 1229
10927, 373
10931, 1449
10942, 790
10959, 306
10968, 451
10978, 920
10995, 85
11005, 696
11022, 1227
11035, 764
11047, 1343
11063, 1136
11066, 367
11070, 1090
11074, 1121
11094, 1055
11100, 817
11104, 1040
11117, 747
11129, 1220
11134, 1276
11145, 90
11146, 1257
11154, 1549
11160, 125
11178, 353
11194, 718
11206, 1422
11210, 1471
11230, 844
11248, 717
11263, 609
11280, 1196
11293, 235
11306, 1134
11323, 1311
11335, 1082
11339, 1278
11359, 1442
11361, 82
11381, 734
11398, 296
11403, 556
11404, 257
11415, 292
11431, 485
11447, 561
11461, 1463
11477, 1004
11492, 598
11498, 325
11502, 952
11520, 1475
11524, 1213
11543, 612
11547, 658
11550, 1357
11555, 675
11559, 926
11567, 921
11576, 1289
11586, 109
11592, 243
11609, 844
11629, 587
11644, 1199
11657, 316
11670, 903
11680, 537
11683, 1395
11700, 1435
11710, 531
11724, 574
11738, 1275
11754, 787
11755, 620
11757, 1234
11776, 315
11787, 1474
11799, 762
11804, 565
11823, 340
11836, 1298
11841, 1275
11850, 1463
11855, 256
11866, 972
11886, 571
11900, 813
11904, 188
11910, 64
11915, 409
11916, 979
11928, 708
11931, 699
11942, 1415
11952, 1369
11968, 867
11987, 159
12005, 1534
12015, 1494
12020, 768
12033, 478
12051, 1003
12057, 511
12059, 1205
12073, 339
12083, 695
12101, 617
12108, 360
12124, 752
12138, 1088
12149, 1511
12164, 1286
12174, 179
12179, 1298
12181, 1145
12198, 638
12208, 674
12209, 1171
12224, 1487
12238, 1124
12241, 126
12258, 1007
12273, 623
12275, 347
12294, 935
12312, 1453
12313, 1279
12319, 1413
12330, 871
12333, 1040
12350, 512
12355, 1080
12357, 1402
12360, 1039
12368, 766
12384, 475
12386, 633
12397, 1261
12398, 481
12401, 1213
12404, 940
12409, 997
12417, 1005
12432, 766
12445, 870
12459, 584
12461, 1003
12480, 236
12482, 240
12487, 958
12497, 255
12511, 295
12521, 226
12524, 725
12531, 988
12543, 541
12549, 1422
12553, 902
12556, 370
12569, 864
12571, 1276
12591, 373
12600, 1071
12608, 559
12610, 1388
12630, 866
12638, 870
12647, 1088
12655, 1471
12675, 1018
12693, 1483
12713, 117
12729, 197
12733, 430
12740, 1062
12747, 498
12758, 118
12774, 1009
12793, 943
12801, 737
12814, 545
12816, 1085
12827, 107
12832, 630
12844, 1092
12852, 918
12865, 654
12875, 495
12877, 1241
12880, 162
12895, 1115
12910, 1161
12916, 82
12930, 1406
12938, 196
12949, 889
12961, 267
12973, 1060
12980, 1507
12995, 664
13012, 1275
13030, 1551
13036, 929
13044, 432
13064, 1531
13067, 138
13071, 343
13087, 349
13090, 555
13095, 637
13098, 1216
13112, 712
13131, 842
13150, 1318
13153, 921
13154, 208
13165, 334
13183, 862
13196, 1085
13205, 1492
13210, 397
13228, 446
13241, 1369
13251, 794
13260, 614
13263, 358
13268, 1133
13279, 1335
13288, 1450
13294, 813
13298, 245
13310, 976
13325, 80
13336, 755
13348, 1209
13353, 902
13363, 1370
13365, 1561
13380, 630
13389, 767
13390, 1233
13393, 1345
13395, 691
13403, 1388
13405, 736
13409, 1543
13422, 1188
13427, 457
13436, 1450
13455, 413
13475, 166
13483, 1468
13493, 1439
13507, 1349
13513, 837
13530, 1474
13537, 79
13550, 1529
13563, 908
13578, 1507
13597, 272
13616, 702
13623, 1001
13641, 1142
13661, 575
13662, 446
13665, 899
13671, 156
13689, 758
13707, 256
13724, 1050
13734, 121
13752, 517
13753, 1427
13767, 886
13781, 1334
13793, 520
13811, 1528
13816, 1016
13821, 725
13834, 783
13851, 812
13864, 860
13883, 1475
13888, 1370
13893, 619
13906, 837
13918, 189
13920, 70
13935, 676
13945, 1500
13965, 1475
13981, 1410
13986, 1418
13990, 1342
13999, 168
14014, 1062
14026, 824
14044, 1117
14056, 401
14076, 1320
14093, 1125
14106, 383
14122, 1393
14138, 458
14145, 1030
14154, 207
14158, 276
14166, 1529
14178, 1387
14190, 166
14200, 1173
14211, 329
14231, 1450
14240, 1515
14259, 1181
14274, 775
14279, 852
14289, 611
14297, 151
14317, 1025
14331, 365
14333, 738
14353, 851
14372, 430
14391, 305
14411, 452
14426, 174
14443, 195
14449, 705
14463, 209
14472, 1533
14489, 867
14494, 1226
14505, 293
14506, 649
14523, 1152
14525, 179
14539, 637
14546, 1053
14548, 1056
14550, 658
14554, 244
14556, 1379
14568, 700
14570, 799
14572, 131
14583, 1407
14590, 1388
14591, 1297
14608, 1478
14628, 1349
14632, 1538
14648, 1318
14664, 1529
14677, 1433
14681, 279
14690, 1055
14708, 863
14710, 1198
14722, 545
14723, 754
14732, 794
14747, 1028
14755, 791
14765, 963
14781, 1293
14796, 409
14801, 383
14818, 519
14827, 812
14841, 1085
14847, 435
14855, 724
14870, 1244
14873, 1042
14879, 1125
14888, 1251
14898, 1521
14909, 320
14918, 1027
14920, 280
14923, 1410
14939, 1226
14942, 548
14961, 1138
14977, 1469
14983, 1335
14987, 1021
14994, 1245
14996, 1296
15013, 1326
15019, 764
15035, 1054
15045, 180
15062, 747
15075, 637
15093, 158
15107, 778
15116, 1235
15134, 320
15154, 115
15156, 753
15165, 1248
15182, 192
15197, 85
15202, 274
15203, 1471
15222, 715
15230, 1047
15234, 452
15249, 472
15254, 1427
15272, 1319
15286, 228
15290, 806
15305, 1147
15320, 778
15331, 1502
15334, 856
15344, 1336
15354, 1334
15362, 1514
15375, 597
15381, 425
15400, 1001
15413, 292
15417, 933
15426, 1563
15441, 949
15460, 296
15472, 113
15486, 942
15497, 1074
15503, 595
15508, 463
15526, 1198
15544, 1162
15560, 1360
15566, 863
15569, 1466
15585, 1310
15597, 1504
15604, 1300
15620, 173
15627, 1010
15635, 403
15652, 765
15654, 776
15656, 841
15660, 956
15673, 876
15687, 1289
15704, 630
15713, 469
15717, 1131
15734, 1179
15753, 448
15771, 169
15773, 214
15779, 579
15799, 391
15817, 476
15835, 142
15855, 1417
15866, 1461
15878, 590
15894, 1105
15899, 1209
15904, 1417
15906, 344
15918, 299
15930, 991
15937, 1548
15944, 1410
15948, 1087
15960, 499
15961, 563
15978, 1523
15983, 860
15986, 1025
16004, 779
16019, 776
16022, 428
16034, 1059
16050, 1093
16062, 229
16078, 200
16083, 1330
16085, 1558
16087, 699
16096, 798
16098, 113
16115, 156
16131, 96
16136, 1538
16156, 1493
16175, 1418
16191, 874
16199, 594
16214, 1098
16226, 1540
16236, 217
16238, 1438
16246, 1516
16265, 117
16280, 1284
16289, 769
16305, 1259
16311, 612
16314, 1560
16328, 1534
16334, 604
16336, 1196
16344, 521
16349, 391
16354, 246
16374, 300
16391, 443
16403, 389
16407, 798
16417, 147
16429, 458
16433, 1082
16441, 1207
16456, 532
16475, 822
16479, 1170
16485, 571
16500, 975
16511, 200
16515, 1538
16518, 120
16530, 263
16538, 855
16542, 397
16548, 887
16555, 1258
16565, 1092
16583, 1398
16584, 152
16596, 868
16616, 103
16624, 811
16628, 69
16634, 1544
16654, 903
16673, 1297
16689, 995
16709, 442
16721, 1214
16738, 1505
16743, 888
16754, 1147
16770, 335
16774, 1541
16787, 987
16807, 192
16820, 398
16828, 753
16831, 934
16850, 275
16861, 1471
16878, 894
16891, 879
16898, 236
16903, 519
16909, 566
16927, 868
16935, 1130
16955, 681
16963, 1142
16967, 531
16976, 696
16979, 87
16996, 1099
17008, 894
17022, 928
17028, 1251
17030, 794
17047, 1404
17050, 363
17060, 922
17065, 1400
17074, 1287
17077, 375
17087, 636
17094, 803
17109, 264
17127, 691
17141, 254
17157, 387
17175, 946
17194, 615
17204, 671
17206, 233
17215, 667
17227, 1461
17238, 816
17255, 1063
17256, 801
17272, 1437
17279, 1052
17281, 590
17283, 1362
17291, 842
17311, 868
17330, 423
17336, 173
17343, 67
17357, 1239
17366, 1147
17378, 155
17390, 755
17396, 1403
17398, 579
17412, 763
17416, 1261
17419, 287
17438, 844
17450, 430
17467, 933
17483, 904
17502, 288
17509, 1391
17517, 637
17529, 704
17540, 1011
17559, 821
17567, 589
17579, 470
17587, 779
17588, 1184
17597, 1340
17614, 783
17630, 1373
17632, 1499
17638, 904
17658, 418
17671, 726
17681, 77
17701, 1297
17709, 429
17713, 1270
17727, 543
17735, 927
17747, 342
17750, 696
17764, 272
17769, 1355
17771, 292
17782, 525
17790, 1030
17793, 743
17810, 1243
17818, 556
17821, 402
17826, 371
17845, 323
17857, 1337
17877, 363
17885, 620
17893, 625
17896, 331
17916, 1128
17918, 809
17923, 876
17937, 1079
17945, 1409
17946, 593
17948, 1558
17963, 1532
17980, 698
17993, 1071
18002, 569
18021, 894
18035, 1017
18036, 1106
18052, 270
18053, 1221
18073, 83
18075, 857
18090, 609
18098, 89
18103, 454
18117, 987
18125, 1551
18129, 1408
18133, 494
18144, 1228
18161, 1163
18174, 129
18185, 167
18190, 1207
18199, 1273
18214, 1377
18232, 1361
18236, 738
18243, 1410
18255, 1109
18268, 177
18272, 541
18274, 758
18292, 981
18298, 745
18316, 1259
18324, 181
18330, 200
18338, 1407
18348, 368
18359, 139
18369, 810
18370, 1383
18373, 313
18391, 744
18399, 1164
18416, 1248
18429, 1259
18430, 724
18447, 979
18463, 835
18483, 469
18492, 476
18507, 1265
18511, 989
18525, 617
18534, 1255
18544, 499
18561, 995
18578, 1098
18594, 386
18609, 781
18625, 1037
18640, 229
18660, 840
18673, 1134
18690, 309
18710, 1547
18723, 1479
18737, 1453
18753, 627
18760, 1137
18772, 749
18776, 197
18795, 1208
18804, 1425
18816, 888
18833, 1226
18844, 72
18864, 694
18880, 543
18898, 1449
18908, 1173
18918, 772
18925, 1398
18930, 432
18950, 699
18966, 466
18985, 98
19003, 392
19006, 759
19017, 1282
19036, 883
19046, 1497
19055, 1343
19057, 752
19070, 1044
19086, 1398
19092, 1330
19110, 1039
19130, 790
19136, 802
19139, 1509
19151, 758
19170, 1053
19172, 1040
19180, 514
19199, 240
19219, 313
19237, 636
19256, 968
19268, 617
19282, 1403
19293, 955
19300, 1141
19304, 1131
19323, 950
19326, 703
19343, 287
19356, 522
19359, 910
19374, 868
19381, 1032
19390, 1028
19398, 900
19407, 613
19411, 526
19425, 1358
19437, 1188
19456, 1065
19466, 1132
19482, 453
19500, 558
19503, 742
19511, 1231
19517, 1422
19521, 814
19533, 842
19536, 1070
19545, 1458
19547, 944
19551, 905
19556, 1062
19560, 162
19566, 584
19586, 1444
19588, 254
19594, 993
19608, 767
19625, 300
19634, 160
19637, 437
19647, 684
19654, 124
19667, 1274
19687, 1230
19690, 520
19691, 1491
19693, 1475
19695, 375
19704, 746
19718, 1275
19737, 1423
19756, 627
19765, 344
19772, 1458
19791, 1359
19799, 705
19803, 484
19818, 455
19827, 1294
19847, 1128
19853, 320
19866, 1125
19868, 1397
19872, 655
19892, 215
19894, 1516
19897, 680
19902, 618
19921, 1333
19937, 797
19949, 1538
19950, 1480
19964, 1027
19968, 739
19986, 134
20000, 591
20005, 740
20022, 1489
20039, 388
20041, 1320
20049, 805
20067, 1089
20070, 796
20083, 780
20086, 858
20094, 944
20098, 340
20100, 335
20110, 631
20112, 151
20116, 760
20135, 1181
20144, 597
20159, 1540
20168, 1401
20176, 1000
20196, 110
20212, 1155
20230, 668
20250, 383
20256, 820
20267, 418
20287, 562
20295, 998
20300, 199
20301, 1373
20302, 71
20319, 1272
20339, 1410
20344, 506
20360, 619
20366, 1019
20372, 1302
20382, 146
20388, 1190
20404, 1516
20420, 1430
20421, 1350
20433, 1238
20438, 1353
20448, 672
20457, 319
20471, 1120
20477, 433
20487, 583
20492, 779
20506, 851
20518, 1251
20533, 1131
20535, 462
20538, 1116
20549, 1119
20569, 1445
20587, 501
20606, 987
20608, 1063
20615, 1308
20629, 1374
20635, 196
20651, 1511
20653, 761
20662, 1094
20678, 1367
20681, 222
20690, 1359
20697, 506
20715, 1198
20722, 1019
20732, 468
20734, 439
20752, 1465
20759, 1218
20771, 1406
20779, 194
20785, 444
20802, 816
20803, 935
20807, 584
20812, 1137
20817, 314
20825, 325
20845, 919
20860, 1542
20870, 434
20874, 1379
20892, 1468
20908, 685
20917, 756
20927, 1346
20947, 671
20964, 1240
20976, 934
20995, 373
21008, 1422
21022, 1021
21034, 1293
21049, 914
21068, 309
21077, 1258
21080, 1162
21095, 1102
21103, 127
21105, 622
21107, 506
21108, 285
21116, 164
21117, 386
21121, 1147
21128, 691
21134, 282
21137, 305
21139, 1244
21142, 1089
21145, 92
21158, 77
21172, 892
21186, 1106
21203, 1194
21206, 412
21214, 880
21222, 190
21231, 575
21241, 580
21260, 780
21273, 1246
21279, 576
21294, 743
21295, 942
21311, 822
21315, 116
21325, 1464
21335, 1396
21353, 474
21359, 1179
21379, 388
21397, 1177
21409, 1109
21417, 502
21418, 749
21422, 588
21440, 509
21441, 918
21448, 1015
21460, 1213
21469, 934
21479, 733
21480, 506
21493, 1370
21511, 530
21520, 1367
21529, 1041
21544, 1319
21564, 599
21579, 550
21585, 446
21600, 674
21602, 229
21613, 190
21631, 423
21641, 1535
21655, 787
21664, 1066
21674, 755
21680, 1057
21684, 679
21704, 1242
21717, 1059
21722, 808
21727, 295
21735, 326
21743, 1454
21759, 493
21767, 697
21783, 550
21788, 1541
21805, 509
21825, 1523
21838, 1440
21858, 959
21875, 395
21891, 1404
21901, 559
21917, 559
21920, 805
21930, 145
21947, 408
21955, 1449
21970, 123
21987, 1553
22007, 852
22023, 528
22043, 819
22058, 398
22072, 951
22079, 491
22098, 634
22105, 929
22115, 1080
22131, 1083
22148, 90
22156, 1410
22172, 142
22181, 803
22197, 258
22209, 177
22217, 456
22222, 1545
22241, 1037
22243, 139
22255, 931
22259, 954
22269, 647
22278, 1095
22296, 1263
22306, 874
22321, 258
22332, 1125
22344, 1346
22364, 1085
22380, 482
22386, 798
22392, 728
22411, 375
22429, 123
22439, 858
22455, 447
22458, 1345
22473, 1194
22490, 1016
22499, 73
22516, 293
22525, 1099
22539, 638
22544, 570
22545, 1486
22554, 197
22561, 1455
22568, 998
22588, 802
22589, 1120
22592, 175
22612, 805
22615, 122
22621, 886
22641, 891
22652, 1014
22663, 206
22674, 947
22675, 878
22682, 406
22689, 430
22709, 1494
22723, 232
22739, 872
22752, 1466
22764, 1461
22775, 255
22789, 579
22806, 407
22818, 225
22835, 1421
22851, 1289
22855, 600
22872, 1295
22890, 279
22892, 380
22911, 770
22917, 280
22936, 222
22943, 1152
22948, 472
22959, 1162
22972, 877
22976, 1046
22988, 748
23007, 1025
23012, 1392
23016, 572
23033, 695
23052, 219
23066, 896
23084, 1554
23104, 1249
23105, 816
23121, 168
23131, 951
23144, 119
23150, 163
23165, 829
23181, 754
23198, 887
23215, 295
23231, 667
23246, 73
23252, 336
23269, 1487
23273, 1018
23280, 194
23298, 1344
23309, 1518
23319, 1518
23330, 1044
23342, 1368
23360, 1452
23362, 444
23370, 487
23382, 730
23398, 1091
23415, 887
23432, 241
23450, 330
23458, 378
23464, 1055
23465, 102
23480, 1153
23486, 1422
23490, 105
23510, 517
23525, 837
23530, 208
23543, 1133
23561, 264
23569, 109
23579, 624
23599, 502
23605, 992
23606, 1182
23620, 634
23628, 422
23648, 515
23665, 1510
23673, 879
23676, 1268
23696, 1152
23714, 844
23718, 428
23723, 1120
23724, 610
23738, 1318
23739, 1228
23757, 1010
23763, 1478
23780, 1018
23793, 1309
23804, 1347
23808, 476
23820, 638
23840, 167
23858, 1391
23873, 506
23893, 169
23913, 728
23930, 405
23934, 1518
23947, 1279
23950, 317
23953, 719
23955, 891
23959, 200
23962, 812
23973, 1139
23983, 1499
24000, 1190
24001, 412
24012, 475
24020, 103
24025, 982
24044, 112
24050, 301
24055, 249
24064, 411
24083, 1464
24097, 748
24105, 890
24107, 980
24113, 243
24120, 149
24128, 526
24135, 781
24136, 595
24154, 526
24159, 471
24170, 885
24189, 1204
24200, 1468
24207, 806
24223, 1491
24232, 93
24244, 529
24253, 1336
24261, 340
24269, 981
24281, 506
24289, 1114
24309, 419
24324, 316
24328, 599
24345, 1374
24352, 406
24363, 443
24376, 1036
24386, 656
24390, 758
24391, 1480
24407, 1502
24409, 397
24426, 622
24437, 1100
24438, 684
24442, 179
24447, 577
24458, 1294
24471, 823
24491, 79
24495, 1035
24497, 1463
24505, 1023
24523, 538
24536, 1416
24539, 1020
24554, 1224
24571, 209
24586, 397
24596, 218
24607, 705
24617, 1249
24633, 385
24642, 1371
24658, 1144
24668, 591
24687, 1426
24689, 210
24700, 720
24707, 661
24723, 1294
24742, 266
24755, 525
24759, 876
24766, 1166
24775, 1112
24776, 1096
24788, 516
24805, 406
24818, 505
24824, 281
24828, 150
24835, 622
24845, 521
24856, 1195
24869, 1505
24878, 914
24879, 587
24896, 284
24906, 1273
24921, 88
24940, 946
24944, 1270
24952, 675
24968, 893
24971, 545
24982, 1034
25002, 1232
25008, 1168
25022, 1315
25025, 97
25042, 250
25045, 498
25046, 505
25050, 954
25057, 1013
25064, 251
25078, 967
25082, 110
25083, 195
25098, 996
25114, 387
25115, 1516
25126, 353
25142, 231
25152, 1206
25168, 653
25173, 116
25192, 426
25195, 1128
25200, 1537
25214, 676
25233, 1440
25246, 277
25262, 1384
25265, 1280
25266, 594
25272, 118
25291, 578
25300, 192
25319, 443
25329, 584
25338, 600
25348, 1022
25368, 773
25376, 722
25381, 1308
25398, 882
25411, 133
25412, 1130
25424, 601
25437, 66
25453, 1459
25455, 912
25462, 225
25469, 471
25477, 328
25487, 1267
25498, 1520
25503, 393
25510, 275
25524, 365
25539, 392
25558, 451
25578, 936
25586, 635
25588, 116
25601, 1033
25614, 792
25627, 291
25641, 431
25652, 1412
25665, 643
25683, 153
25692, 1007
25708, 425
25723, 132
25741, 1295
25757, 456
25773, 206
25783, 417
25794, 1252
25805, 829
25823, 1324
25834, 1024
25835, 436
25850, 290
25857, 1208
25859, 1267
25873, 298
25885, 733
25894, 1282
25911, 437
25924, 866
25935, 444
25951, 1477
25958, 607
25964, 1097
25978, 916
25995, 88
25997, 1175
26005, 1379
26011, 1134
26016, 286
26031, 1313
26046, 1344
26062, 680
26072, 1096
26080, 977
26094, 286
26111, 148
26130, 558
26135, 1394
26140, 1101
26149, 1134
26165, 1013
26181, 302
26197, 1004
26198, 409
26205, 848
26224, 515
26239, 317
26243, 646
26252, 1038
26258, 1468
26274, 1385
26288, 1137
26306, 1286
26307, 398
26312, 622
26332, 550
26336, 451
26355, 280
26358, 814
26360, 109
26380, 1560
26386, 843
26394, 1563
26403, 934
26412, 482
26424, 1323
26437, 841
26454, 290
26465, 160
26475, 1400
26495, 330
26515, 1276
26524, 330
26535, 1521
26550, 1203
26563, 1233
26583, 95
26584, 157
26592, 1384
26610, 965
26620, 338
26624, 344
26636, 224
26651, 300
26654, 758
26671, 375
26683, 1286
26684, 969
26699, 1010
26716, 794
26718, 645
26729, 1130
26731, 1093
26743, 279
26756, 865
26764, 898
26780, 1451
26786, 802
26802, 220
26805, 1133
26807, 354
26820, 959
26827, 438
26841, 1364
26856, 354
26869, 562
26884, 773
26904, 191
26916, 466
26926, 427
26935, 1245
26950, 1509
26952, 204
26953, 622
26960, 870
26974, 607
26979, 194
26983, 485
26994, 549
27006, 1474
27017, 999
27019, 1485
27021, 1071
27040, 120
27049, 862
27065, 780
27083, 1154
27101, 851
27107, 1451
27125, 198
27129, 1101
27144, 1314
27162, 1560
27168, 944
27179, 1309
27193, 1389
27206, 781
27226, 1151
27245, 374
27249, 1397
27250, 1164
27267, 411
27286, 534
27299, 1286
27318, 1314
27319, 777
27338, 927
27353, 1156
27368, 472
27376, 1024
27382, 720
27391, 1247
27398, 808
27399, 309
27401, 1140
27414, 619
27422, 993
27424, 623
27439, 1218
27440, 957
27450, 118
27455, 876
27459, 746
27469, 851
27476, 152
27486, 609
27496, 1443
27508, 996
27519, 1423
27521, 902
27536, 1479
27539, 1353
27546, 473
27552, 344
27556, 694
27566, 581
27575, 191
27589, 1134
27604, 79
27611, 1391
27616, 858
27635, 208
27649, 758
27653, 858
27661, 708
27671, 303
27689, 1052
27690, 1552
27710, 232
27724, 967
27733, 766
27740, 460
27749, 1133
27762, 387
27771, 566
27781, 346
27788, 1052
27804, 1060
27818, 260
27819, 407
27821, 477
27840, 542
27851, 711
27860, 139
27880, 598
27894, 1043
27912, 858
27917, 1401
27935, 512
27945, 399
27949, 431
27954, 870
27970, 500
27974, 1334
27976, 1239
27990, 1222
27998, 1551
28011, 1385
28014, 1356
28025, 690
28044, 670
28061, 88
28080, 549
28099, 792
28100, 1131
28112, 1363
28129, 822
28138, 854
28142, 635
28154, 1089
28172, 761
28191, 1232
28195, 986
28212, 452
28232, 810
28244, 253
28246, 1554
28262, 1010
28278, 504
28292, 798
28308, 299
28320, 630
28340, 970
28353, 539
28372, 1428
28384, 81
28386, 1355
28388, 1408
28401, 609
28420, 594
28431, 982
28451, 1225
28454, 820
28468, 646
28485, 507
28499, 1198
28512, 328
28526, 552
28544, 960
28547, 1476
28548, 821
28559, 530
28562, 1329
28574, 1498
28581, 682
28595, 91
28604, 1169
28622, 277
28634, 1045
28646, 1063
28657, 730
28675, 1012
28677, 230
28682, 70
28695, 1264
28706, 1225
28712, 1524
28729, 781
28732, 183
28744, 830
28750, 1503
28761, 383
28777, 1516
28784, 1161
28795, 1040
28804, 685
28812, 929
28819, 109
28836, 557
28837, 355
28848, 1474
28850, 962
28856, 1218
28875, 1409
28890, 232
28902, 277
28908, 1109
28917, 1339
28931, 1526
28945, 1442
28963, 123
28969, 1437
28986, 1015
28990, 364
29010, 1328
29021, 1007
29032, 534
29044, 640
29061, 1319
29062, 615
29077, 1182
29097, 290
29109, 1504
29126, 1022
29128, 854
29144, 458
29164, 308
29182, 1366
29189, 485
29203, 1269
29204, 301
29223, 1555
29231, 775
29243, 486
29250, 515
29260, 329
29272, 355
29289, 1366
29299, 464
29313, 424
29316, 1507
29320, 364
29325, 188
29331, 985
29351, 723
29359, 1325
29374, 1502
29382, 186
29390, 1114
29404, 76
29421, 1229
29440, 1145
29460, 428
29479, 1507
29484, 1232
29485, 697
29504, 346
29523, 121
29531, 1519
29545, 1196
29547, 733
29558, 111
29568, 928
29583, 1016
29601, 392
29609, 531
29622, 1319
29626, 583
29631, 1465
29644, 835
29658, 1557
29660, 958
29669, 851
29670, 1507
29677, 329
29694, 405
29697, 603
29707, 483
29717, 1310
29736, 1393
29742, 494
29746, 1514
29766, 983
29770, 821
29772, 113
29776, 1246
29795, 1192
29799, 714
29804, 890
29805, 341
29818, 882
29838, 871
29839, 576
29841, 377
29844, 1386
29849, 790
29861, 235
29871, 1234
29886, 586
29905, 505
29911, 446
29918, 1214
29932, 1087
29935, 670
29946, 683
29950, 1488
29960, 445
29978, 1551
29997, 482
30016, 542
30021, 626
30041, 1374
30057, 1242
30072, 245
30089, 996
30095, 1206
30098, 582
30117, 1457
30130, 502
30135, 1225
30146, 1069
30155, 391
30169, 1523
30189, 632
30198, 303
30202, 733
30214, 275
30231, 742
30237, 566
30243, 1113
30260, 120
30269, 621
30289, 298
30296, 1343
30306, 1399
30313, 1439
30314, 509
30327, 270
30329, 1356
30331, 158
30345, 1108
30347, 1091
30355, 1277
30359, 685
30361, 844
30369, 1481
30382, 300
30389, 1213
30402, 1258
30410, 1210
30426, 704
30430, 300
30443, 1315
30454, 925
30458, 920
30469, 1406
30473, 1352
30477, 1458
30490, 580
30498, 387
30502, 1064
30519, 538
30523, 914
30524, 302
30534, 441
30544, 980
30558, 1386
30572, 1225
30583, 187
30599, 469
30600, 1231
30619, 1311
30621, 345
30628, 332
30648, 1404
30666, 1032
30682, 370
30698, 283
30711, 1275
30717, 440
30720, 985
30736, 152
30750, 1149
30755, 1093
30767, 677
30774, 521
30779, 468
30782, 1237
30794, 1013
30808, 1449
30823, 668
30832, 393
30835, 489
30853, 1028
30863, 271
30870, 304
30886, 1108
30888, 1503
30899, 397
30905, 409
30907, 724
30916, 549
30917, 1120
30932, 976
30950, 906
30964, 623
30967, 297
30981, 1241
30992, 539
30998, 362
31012, 1454
31032, 801
31033, 455
31051, 120
31064, 842
31081, 175
31083, 854
31093, 66
31096, 876
31102, 249
31103, 1190
31105, 984
31106, 1220
31126, 508
31131, 254
31132, 1219
31141, 683
31149, 1500
31155, 218
31156, 135
31168, 1127
31177, 985
31182, 245
31199, 127
31208, 461
31213, 1239
31228, 653
31235, 1436
31246, 366
31254, 1287
31264, 455
31267, 1278
31270, 1483
31285, 628
31288, 245
31294, 528
31302, 170
31313, 699
31330, 662
31341, 1368
31358, 770
31365, 522
31378, 437
31383, 693
31398, 370
31412, 133
31420, 386
31423, 96
31427, 955
31437, 377
31454, 1003
31465, 1020
31470, 389
31488, 1031
31508, 1488
31519, 434
31536, 538
31541, 603
31560, 568
31579, 1321
31591, 1135
31596, 226
31597, 839
31614, 743
31631, 628
31632, 99
31646, 814
31654, 678
31665, 905
31684, 967
31689, 765
31695, 816
31707, 396
31722, 681
31724, 196
31730, 624
31739, 68
31744, 515
31760, 1029
31774, 98
31794, 809
31805, 575
31813, 116
31815, 115
31834, 1109
31835, 578
31854, 847
31865, 1550
31879, 553
31895, 116
31915, 1283
31920, 1020
31932, 1546
31944, 1035
31964, 1257
31974, 1317
31992, 1269
32005, 780
32014, 1470
32031, 1021
32050, 899
32051, 901
32071, 1480
32086, 217
32104, 113
32124, 501
32143, 1218
32156, 1171
32160, 181
32163, 822
32166, 479
32186, 673
32206, 319
32221, 1350
32228, 324
32248, 1330
32268, 1369
32283, 935
32286, 1294
32304, 1475
32306, 524
32315, 1051
32332, 1240
32338, 352
32347, 1125
32364, 1037
32384, 699
32385, 945
32393, 704
32396, 1118
32408, 941
32424, 1090
32439, 656
32449, 72
32465, 1505
32476, 1263
32489, 165
32509, 678
32513, 211
32532, 1116
32539, 693
32550, 802
32553, 613
32558, 1493
32573, 708
32577, 575
32587, 1511
32599, 623
32613, 864
32628, 633
32631, 719
32642, 1558
32661, 922
32677, 1455
32688, 1073
32704, 290
32718, 1010
32730, 672
32742, 1500
32757, 454
32759, 1315
32763, 1409
32775, 1536
32784, 1335
32787, 101
32792, 364
32800, 1390
32805, 690
32817, 913
32835, 1453
32837, 695
32847, 1086
32849, 669
32851, 1356
32854, 994
32857, 1311
32873, 549
32881, 736
32899, 677
32913, 638
32914, 674
32915, 748
32926, 596
32928, 262
32945, 263
32962, 1332
32963, 261
32980, 188
32991, 264
32997, 1532
33005, 1381
33015, 788
33019, 633
33038, 101
33049, 946
33053, 1058
33072, 433
33078, 1118
33094, 299
33107, 1458
33123, 1332
33130, 753
33149, 1343
33161, 1361
33179, 1359
33198, 499
33213, 266
33229, 494
33241, 1296
33251, 975
33256, 474
33271, 1365
33274, 960
33291, 1544
33306, 83
33313, 1471
33327, 984
33343, 1266
33345, 1401
33349, 216
33354, 1292
33363, 1057
33376, 1409
33384, 1276
33387, 1038
33399, 1527
33418, 1015
33420, 1174
33440, 76
33445, 985
33454, 1082
33458, 72
33470, 1318
33472, 1122
33477, 710
33481, 373
33490, 97
33500, 631
33508, 189
33527, 330
33536, 1059
33542, 548
33556, 671
33565, 146
33567, 1069
33586, 865
33598, 887
33617, 882
33621, 903
33635, 226
33644, 971
33661, 997
33680, 620
33691, 608
33696, 572
33708, 1360
33714, 1563
33717, 98
33733, 935
33743, 520
33748, 1499
33763, 1501
33768, 1405
33772, 991
33775, 79
33793, 952
33809, 468
33816, 599
33817, 1367
33820, 1269
33833, 676
33837, 1419
33855, 257
33875, 325
33885, 1151
33899, 776
33900, 1161
33916, 940
33933, 665
33941, 1109
33943, 1190
33953, 1563
33972, 1105
33977, 735
33978, 423
33998, 856
34008, 974
34018, 602
34035, 1355
34044, 378
34056, 1283
34064, 242
34066, 356
34081, 622
34083, 83
34094, 720
34098, 512
34104, 1519
34118, 1138
34130, 470
34139, 535
34153, 775
34171, 1522
34178, 550
34185, 1267
34186, 1064
34196, 414
34214, 827
34226, 352
34233, 648
34247, 659
34259, 386
34271, 129
34280, 1245
34290, 246
34305, 751
34316, 225
34334, 394
34341, 799
34348, 1214
34352, 1178
34369, 583
34378, 1018
34394, 678
34397, 153
34410, 117
34429, 780
34441, 1181
34457, 324
34460, 752
34461, 926
34467, 266
34469, 1283
34489, 1203
34492, 103
34493, 858
34497, 1508
34517, 868
34532, 1113
34539, 292
34547, 535
34559, 717
34562, 724
34577, 292
34580, 154
34581, 88
34594, 526
34597, 284
34607, 702
34610, 928
34623, 652
34625, 1254
34645, 412
34660, 1010
34666, 948
34669, 1243
34686, 1509
34703, 1405
34720, 581
34736, 1184
34749, 911
34752, 1426
34764, 586
34768, 616
34770, 246
34782, 684
34783, 715
34784, 1327
34794, 820
34799, 261
34811, 1515
34830, 81
34837, 1057
34853, 1528
34862, 368
34865, 96
34870, 587
34878, 865
34894, 1426
34895, 886
34915, 1379
34921, 1284
34936, 1252
34943, 1436
34951, 626
34954, 338
34957, 265
34965, 1238
34968, 197
34980, 826
34991, 1417
35000, 116
35005, 1481
35014, 201
35017, 1557
35032, 298
35039, 872
35041, 235
35059, 271
35066, 593
35070, 195
35079, 116
35097, 1504
35106, 652
35121, 114
35131, 1271
35138, 715
35156, 1376
35164, 1095
35173, 1391
35192, 809
35198, 65
35205, 1431
35221, 1437
35229, 435
35231, 1319
35239, 162
35245, 1399
35257, 582
35260, 1345
35261, 68
35274, 264
35287, 836
35288, 1285
35307, 663
35320, 86
35323, 896
35332, 978
35344, 1530
35355, 986
35359, 530
35367, 1445
35381, 169
35392, 1188
35403, 1080
35416, 149
35419, 750
35421, 96
35434, 1506
35453, 1098
35457, 1462
35469, 634
35488, 1387
35492, 874
35503, 382
35506, 675
35513, 190
35533, 347
35553, 591
35568, 1374
35582, 1090
35586, 634
35597, 1394
35613, 1024
35620, 538
35635, 616
35639, 1468
35642, 276
35649, 506
35666, 167
35680, 703
35681, 723
35684, 1404
35699, 1250
35708, 1503
35711, 81
35720, 127
35724, 526
35728, 930
35748, 231
35763, 632
35769, 146
35788, 892
35790, 446
35801, 1024
35807, 1284
35825, 408
35830, 243
35831, 83
35835, 617
35855, 1522
35869, 325
35877, 1097
35889, 1288
35891, 1563
35908, 1293
35925, 1071
35929, 612
35943, 220
35963, 1011
35974, 674
35993, 1262
36009, 455
36027, 577
36028, 1421
36040, 260
36047, 232
36048, 319
36059, 950
36079, 1197
36096, 465
36116, 1018
36122, 1065
36134, 1482
36153, 670
36167, 1296
36174, 469
36183, 651
36193, 1266
36198, 695
36210, 1068
36220, 535
36225, 720
36228, 1202
36234, 1295
36240, 1340
36245, 1079
36258, 1107
36266, 1368
36276, 1233
36287, 1199
36290, 1487
36293, 1343
36312, 1310
36317, 538
36318, 65
36326, 494
36337, 111
36355, 580
36356, 1275
36370, 896
36385, 885
36403, 551
36418, 1223
36435, 929
36439, 456
36458, 231
36474, 767
36485, 1048
36503, 411
36513, 399
36532, 509
36547, 285
36549, 699
36567, 1370
36586, 1300
36603, 297
36609, 1240
36625, 563
36644, 154
36663, 1512
36678, 251
36688, 730
36696, 1480
36715, 1530
36729, 1171
36749, 1284
36760, 317
36767, 381
36775, 824
36777, 655
36797, 703
36813, 1233
36826, 1198
36841, 1000
36853, 421
36861, 1001
36863, 1299
36866, 627
36882, 363
36902, 280
36920, 153
36922, 331
36942, 241
36952, 648
36965, 552
36985, 1467
36998, 336
37009, 526
37029, 290
37036, 518
37039, 1471
37049, 668
37064, 1322
37076, 92
37083, 883
37099, 1177
37114, 661
37116, 1178
37131, 387
37146, 764
37150, 1266
37155, 878
37164, 978
37171, 114
37183, 397
37195, 241
37202, 376
37221, 1136
37235, 859
37243, 1527
37261, 900
37278, 990
37298, 847
37317, 470
37332, 97
37341, 1031
37343, 1155
37356, 160
37365, 337
37375, 1058
37376, 673
37395, 1332
37412, 476
37422, 650
37438, 487
37445, 1377
37454, 971
37455, 571
37469, 408
37478, 319
37498, 370
37508, 635
37526, 1225
37535, 856
37551, 85
37553, 306
37559, 1357
37561, 620
37574, 200
37589, 1074
37605, 368
37621, 750
37632, 1347
37646, 927
37655, 351
37671, 109
37687, 171
37704, 885
37705, 1487
37712, 979
37727, 1018
37733, 621
37745, 190
37763, 509
37773, 1476
37787, 624
37803, 937
37816, 561
37817, 940
37819, 1384
37831, 693
37839, 191
37852, 587
37870, 940
37880, 1301
37881, 545
37899, 165
37908, 425
37914, 1534
37922, 567
37927, 854
37942, 439
37955, 943
37972, 964
37974, 323
37993, 1188
38008, 333
38021, 155
38032, 902
38049, 814
38059, 72
38076, 306
38096, 946
38101, 256
38110, 1024
38125, 170
38142, 1388
38148, 441
38153, 677
38162, 541
38177, 1031
38181, 904
38188, 179
38199, 1127
38210, 1133
38212, 673
38217, 1515
38226, 1517
38243, 475
38244, 239
38260, 340
38278, 1162
38289, 985
38308, 472
38316, 1279
38327, 453
38331, 1528
38344, 1252
38348, 1415
38354, 1400
38355, 650
38360, 270
38362, 390
38381, 172
38384, 530
38385, 422
38401, 974
38412, 586
38418, 1517
38428, 997
38446, 1397
38454, 292
38462, 439
38476, 804
38489, 1110
38507, 342
38527, 1291
38545, 1013
38550, 269
38555, 729
38574, 618
38583, 900
38588, 999
38605, 1063
38616, 285
38635, 332
38645, 760
38653, 1421
38668, 814
38671, 252
38682, 303
38697, 252
38702, 88
38703, 1358
38722, 269
38724, 1457
38744, 872
38745, 195
38763, 495
38767, 645
38784, 284
38790, 645
38794, 639
38798, 1442
38808, 904
38816, 1371
38825, 651
38839, 472
38850, 464
38861, 953
38877, 1050
38883, 788
38895, 1119
38912, 677
38919, 620
38934, 1120
38948, 403
38956, 223
38973, 850
38991, 421
39004, 150
39005, 1130
39017, 1084
39026, 504
39029, 1039
39031, 529
39051, 1118
39060, 1462
39079, 883
39080, 1303
39097, 616
39113, 1316
39128, 492
39131, 279
39140, 558
39159, 199
39166, 122
39180, 1045
39196, 580
39210, 697
39226, 1397
39242, 1439
39251, 759
39262, 150
39280, 1348
39289, 1185
39301, 230
39319, 1028
39325, 565
39338, 806
39349, 1166
39361, 352
39366, 119
39377, 1288
39385, 463
39400, 1563
39415, 247
39430, 1155
39448, 300
39464, 1298
39473, 395
39490, 287
39502, 523
39503, 1022
39510, 562
39530, 217
39534, 194
39550, 960
39564, 869
39581, 347
39593, 1063
39595, 885
39602, 492
39619, 1233
39620, 1149
39640, 620
39655, 563
39669, 692
39685, 401
39699, 832
39708, 349
39726, 783
39729, 171
39739, 302
39754, 725
39764, 669
39782, 1026
39796, 1453
39806, 1500
39814, 153
39817, 491
39832, 1265
39849, 1088
39851, 606
39863, 550
39878, 730
39883, 528
39888, 659
39889, 204
39897, 1432
39913, 270
39920, 715
39923, 1343
39929, 1021
39938, 1532
39944, 478
39959, 1089
39968, 420
39974, 1367
39985, 351
39998, 662
40015, 1494
40034, 1287
40037, 816
40038, 713
40039, 172
40051, 1284
40052, 137
40058, 747
40078, 850
40084, 1542
40090, 661
40107, 1020
40122, 743
40133, 1527
40148, 1104
40163, 580
40175, 599
40177, 80
40184, 651
40196, 663
40201, 1511
40212, 404
40230, 939
40235, 85
40246, 1204
40255, 1149
40258, 471
40261, 366
40272, 892
40291, 1052
40307, 161
40312, 888
40321, 1560
40335, 1221
40348, 644
40366, 792
40382, 1013
40393, 765
40409, 209
40413, 713
40416, 547
40433, 1162
40452, 865
40462, 1561
40481, 264
40500, 391
40516, 1205
40531, 714
40549, 1362
40565, 521
40570, 395
40572, 1191
40585, 173
40586, 1395
40604, 1422
40624, 799
40628, 382
40643, 591
40644, 1354
40645, 849
40658, 491
40665, 955
40674, 1274
40689, 1535
40690, 493
40694, 649
40697, 124
40705, 489
40720, 528
40740, 1019
40751, 944
40760, 860
40762, 1451
40781, 103
40794, 1369
40812, 980
40831, 709
40837, 512
40855, 1254
40870, 602
40886, 177
40887, 504
40894, 438
40904, 364
40919, 547
40925, 1288
40938, 721
40948, 419
40957, 1192
40961, 527
40976, 1425
40977, 1288
40980, 558
40996, 331
41015, 690
41026, 747
41031, 1105
41039, 646
41048, 262
41066, 803
41076, 236
41079, 782
41082, 1358
41089, 313
41094, 318
41108, 421
41123, 1391
41138, 685
41141, 877
41148, 571
41155, 442
41167, 578
41186, 779
41190, 1331
41199, 1212
41211, 570
41231, 340
41251, 1009
41252, 275
41266, 957
41280, 1313
41282, 472
41292, 1291
41308, 89
41310, 1280
41330, 1088
41338, 1293
41348, 1516
41353, 93
41355, 1244
41362, 452
41375, 314
41392, 838
41393, 638
41404, 1279
41412, 275
41413, 360
41433, 825
41447, 269
41454, 1502
41462, 381
41464, 630
41473, 845
41489, 293
41494, 788
41504, 1192
41519, 1534
41527, 386
41529, 948
41538, 800
41543, 835
41555, 1539
41559, 381
41566, 290
41586, 284
41599, 735
41603, 996
41622, 1446
41625, 1120
41643, 951
41653, 268
41660, 519
41674, 897
41680, 255
41681, 388
41685, 1056
41688, 1224
41692, 566
41709, 1334
41717, 138
41734, 222
41747, 1145
41755, 1251
41766, 639
41778, 1423
41783, 312
41799, 244
41816, 1390
41826, 335
41829, 699
41837, 1347
41853, 1357
41870, 612
41878, 715
41892, 112
41911, 533
41930, 281
41942, 131
41957, 933
41960, 546
41965, 286
41970, 543
41985, 1094
41994, 468
42010, 758
42024, 240
42033, 1553
42039, 1119
42050, 1019
42055, 658
42056, 1147
42063, 68
42082, 818
42100, 673
42113, 1137
42128, 893
42142, 1253
42156, 1089
42175, 232
42182, 809
42195, 931
42211, 550
42225, 166
42238, 1186
42248, 123
42267, 612
42275, 839
42295, 1066
42301, 1309
42303, 1295
42314, 1160
42324, 874
42327, 1559
42341, 1436
42361, 1347
42379, 202
42387, 1273
42399, 1503
42400, 885
42419, 1063
42439, 1415
42444, 372
42457, 359
42464, 707
42467, 814
42487, 798
42506, 570
42526, 1341
42527, 1258
42531, 655
42546, 559
42557, 290
42569, 754
42572, 361
42588, 1112
42604, 1449
42607, 1042
42615, 1278
42622, 812
42634, 1172
42643, 280
42652, 329
42662, 135
42665, 1340
42683, 324
42697, 855
42707, 260
42721, 217
42740, 800
42744, 891
42754, 1053
42755, 1240
42760, 505
42771, 214
42772, 110
42790, 764
42808, 1276
42809, 1081
42817, 430
42830, 313
42838, 1550
42839, 962
42841, 809
42843, 1484
42863, 121
42867, 674
42874, 849
42884, 1457
42896, 424
42911, 109
42912, 365
42922, 483
42923, 222
42938, 1520
42948, 465
42950, 164
42955, 616
42967, 175
42971, 876
42982, 1358
42993, 347
43008, 101
43023, 1375
43029, 851
43039, 538
43051, 239
43053, 1193
43072, 793
43082, 1426
43102, 1196
43104, 1250
43107, 1455
43114, 1553
43133, 1542
43135, 1023
43153, 1195
43172, 962
43176, 644
43186, 317
43204, 1334
43217, 173
43218, 618
43238, 1214
43256, 1283
43257, 1048
43277, 737
43279, 1070
43286, 1216
43291, 1051
43295, 888
43309, 1391
43312, 1119
43314, 1036
43326, 1283
43330, 1289
43335, 247
43355, 1343
43357, 148
43372, 1283
43382, 1004
43400, 599
43414, 1509
43426, 909
43442, 1135
43452, 112
43457, 80
43459, 551
43460, 843
43463, 827
43477, 579
43482, 913
43486, 625
43488, 113
43492, 1468
43499, 225
43519, 437
43524, 1517
43530, 998
43544, 290
43551, 290
43563, 1397
43581, 102
43585, 1385
43598, 346
43609, 877
43616, 1403
43625, 811
43627, 1396
43644, 435
43647, 566
43656, 136
43676, 1489
43694, 784
43711, 195
43722, 1207
43724, 1495
43742, 918
43762, 1411
43777, 935
43787, 233
43795, 148
43801, 1136
43809, 111
43821, 720
43829, 881
43847, 1439
43858, 848
43875, 1496
43884, 1541
43903, 1173
43909, 618
43926, 221
43942, 1306
43960, 809
43974, 787
43987, 803
44006, 1225
44014, 540
44032, 643
44046, 1418
44061, 643
44063, 162
44065, 1197
44085, 954
44095, 1548
44102, 1315
44111, 256
44126, 869
44136, 1547
44146, 683
44161, 259
44163, 784
44167, 507
44179, 1354
44199, 1274
44206, 701
44212, 1032
44222, 1160
44236, 1218
44248, 1324
44266, 1148
44268, 1049
44283, 857
44292, 1533
44300, 1011
44305, 1154
44314, 675
44334, 100
44350, 320
44366, 1195
44382, 339
44390, 1246
44391, 981
44410, 827
44430, 988
44440, 1225
44455, 611
44466, 1080
44482, 1357
44493, 704
44499, 1191
44508, 1464
44516, 1561
44535, 800
44552, 838
44561, 157
44565, 1411
44569, 924
44573, 506
44590, 909
44596, 283
44613, 705
44627, 251
44646, 1227
44658, 963
44662, 599
44663, 1431
44677, 1360
44685, 748
44689, 931
44705, 322
44706, 447
44716, 1066
44736, 999
44744, 1279
44763, 1462
44769, 419
44787, 1241
44807, 309
44820, 318
44827, 888
44835, 1064
44842, 195
44854, 1439
44871, 731
44882, 201
44900, 420
44904, 1317
44924, 1116
44927, 699
44934, 1556
44947, 852
44965, 1144
44978, 772
44993, 377
44999, 1493
45004, 544
45017, 1406
45022, 1066
45023, 1303
45038, 1047
45049, 211
45054, 1436
45059, 563
45079, 876
45085, 1145
45095, 1016
45096, 957
45108, 513
45113, 862
45126, 1130
45136, 205
45146, 1115
45158, 861
45173, 982
45185, 1407
45203, 236
45204, 524
45219, 721
45220, 758
45236, 399
45248, 1420
45254, 888
45266, 1500
45277, 783
45279, 1040
45296, 402
45308, 717
45311, 1289
45331, 94
45349, 1301
45364, 976
45375, 1037
45388, 632
45391, 1553
45395, 358
45402, 706
45405, 768
45406, 1056
45411, 750
45414, 215
45424, 761
45442, 1143
45451, 1337
45461, 954
45475, 1196
45483, 664
45498, 552
45514, 232
45532, 1456
45541, 790
45546, 289
45547, 1354
45559, 1130
45560, 524
45574, 250
45582, 802
45600, 909
45610, 1390
45614, 418
45618, 1537
45623, 419
45642, 403
45661, 486
45679, 299
45683, 1074
45703, 181
45723, 829
45733, 106
45750, 105
45766, 648
45773, 660
45786, 547
45799, 1029
45807, 835
45825, 391
45831, 1167
45838, 980
45848, 165
45863, 1174
45865, 1223
45869, 1533
45871, 826
45877, 797
45887, 1225
45889, 1221
45893, 403
45894, 149
45906, 1417
45911, 127
45923, 486
45929, 964
45947, 1244
45967, 486
45971, 1256
45976, 1093
45994, 492
46000, 534
46006, 176
46021, 326
46022, 478
46040, 1471
46060, 887
46076, 1195
46089, 1151
46091, 374
46105, 1274
46122, 1194
46132, 1136
46137, 277
46152, 1330
46167, 726
46183, 830
46192, 443
46212, 109
46218, 1091
46229, 138
46239, 1006
46259, 814
46278, 325
46292, 1226
46301, 863
46311, 717
46322, 644
46326, 251
46328, 586
46342, 628
46359, 1405
46374, 1197
46380, 87
46396, 1047
46412, 80
46420, 677
46430, 370
46445, 1253
46447, 908
46455, 854
46457, 388
46477, 1449
46488, 190
46498, 1160
46508, 303
46509, 582
46521, 239
46539, 824
46555, 1223
46562, 339
46574, 93
46586, 71
46591, 607
46606, 660
46621, 826
46640, 215
46648, 1132
46652, 727
46653, 1557
46664, 244
46670, 555
46682, 1171
46693, 1415
46712, 376
46716, 1265
46723, 1149
46726, 1439
46729, 836
46736, 386
46751, 1342
46770, 770
46777, 1029
46792, 243
46799, 694
46818, 1208
46833, 619
46850, 87
46865, 1265
46873, 165
46878, 557
46880, 559
46893, 564
46894, 309
46908, 1151
46925, 838
46932, 1496
46937, 1012
46946, 215
46947, 566
46950, 312
46964, 723
46970, 833
46978, 1149
46980, 118
46996, 997
47008, 1075
47013, 645
47026, 1258
47035, 1135
47050, 506
47061, 488
47068, 403
47087, 369
47098, 966
47105, 1300
47122, 1463
47123, 459
47142, 278
47157, 844
47174, 839
47191, 1536
47211, 70
47216, 1489
47232, 753
47239, 430
47247, 855
47251, 91
47255, 497
47256, 700
47259, 1210
47271, 414
47289, 1117
47299, 1046
47319, 473
47320, 1508
47328, 1388
47347, 145
47364, 1489
47376, 221
47380, 1462
47393, 517
47408, 391
47413, 1027
47417, 1030
47425, 909
47432, 1111
47438, 998
47442, 1360
47443, 734
47452, 784
47462, 1138
47469, 113
47487, 305
47506, 213
47513, 933
47520, 185
47524, 764
47542, 809
47547, 1140
47555, 948
47559, 517
47564, 301
47565, 1110
47582, 400
47597, 1511
47609, 505
47620, 889
47639, 713
47643, 235
47649, 1430
47658, 375
47669, 1038
47672, 816
47687, 1543
47692, 1203
47712, 974
47728, 247
47739, 1451
47749, 929
47768, 1335
47776, 1480
47778, 1169
47790, 1150
47808, 1278
47828, 271
47842, 1028
47857, 193
47859, 561
47874, 932
47882, 1491
47883, 415
47884, 1523
47889, 743
47892, 703
47905, 1136
47909, 612
47928, 521
47939, 1347
47955, 163
47957, 514
47969, 1257
47988, 363
48004, 799
48019, 1109
48038, 380
48058, 862
48078, 1136
48087, 1328
48105, 1086
48121, 699
48130, 1534
48137, 262
48154, 1558
48157, 581
48173, 1174
48182, 1446
48191, 850
48205, 599
48223, 459
48225, 927
48226, 1009
48233, 1528
48244, 923
48250, 1009
48254, 275
48264, 784
48283, 1391
48287, 742
48288, 1328
48291, 877
48311, 319
48328, 1022
48346, 553
48347, 1099
48360, 139
48378, 147
48391, 209
48396, 669
48401, 1527
48407, 73
48421, 1514
48438, 109
48444, 136
48459, 824
48471, 878
48480, 1517
48495, 928
48515, 1541
48526, 878
48544, 464
48562, 266
48563, 1485
48579, 151
48581, 1165
48591, 592
48594, 846
48595, 891
48600, 760
48611, 1160
48631, 703
48632, 1300
48643, 783
48648, 263
48668, 389
48686, 650
48701, 566
48710, 625
48720, 544
48726, 616
48744, 631
48752, 1227
48756, 1074
48769, 1235
48771, 591
48789, 1211
48800, 625
48813, 267
48820, 1159
48839, 475
48851, 640
48868, 1272
48874, 1245
48879, 1267
48892, 1282
48902, 398
48915, 992
48928, 699
48945, 1322
48962, 1489
48982, 963
48984, 305
49004, 524
49019, 226
49030, 903
49031, 1449
49043, 1151
49051, 156
49068, 1344
49075, 1368
49089, 773
49094, 868
49113, 68
49118, 472
49136, 1042
49150, 1106
49161, 1204
49164, 583
49167, 385
49172, 437
49178, 737
49192, 228
49199, 934
49215, 1563
49233, 445
49235, 1300
49249, 750
49256, 906
49268, 1255
49273, 902
49287, 74
49302, 848
49317, 1378
49319, 880
49335, 116
49351, 1473
49366, 1427
49377, 1052
49384, 656
49392, 564
49408, 362
49411, 96
49430, 1493
49440, 1277
49448, 149
49449, 78
49460, 610
49461, 1061
49462, 89
49477, 193
49484, 709
49486, 949
49502, 435
49505, 1286
49508, 1035
49518, 471
49521, 184
49535, 751
49537, 206
49546, 484
49550, 581
49566, 979
49586, 1193
49597, 865
49600, 372
49605, 1248
49609, 1008
49628, 793
49636, 230
49647, 292
49663, 1441
49666, 480
49685, 1467
49695, 421
49702, 944
49708, 1112
49726, 657
49740, 282
49742, 756
49756, 458
49766, 1036
49767, 131
49771, 1280
49785, 1245
49804, 1247
49819, 1060
49831, 367
49844, 296
49864, 734
49876, 691
49883, 1348
49885, 1287
49897, 715
49902, 590
49917, 583
49919, 318
49930, 1393
49944, 926
49945, 342
49949, 1090
49950, 732
49964, 1310
49980, 389
50000, 934
50002, 319
50021, 1340
50029, 715
50045, 219
50061, 796
50063, 1435
50071, 1078
50085, 501
50093, 223
50102, 607
50107, 1202
50120, 655
50138, 591
50146, 885
50150, 1239
50170, 455
50179, 984
50194, 1040
50202, 459
50203, 855
50219, 747
50231, 777
50244, 265
50246, 1105
50249, 1310
50267, 580
50285, 916
50293, 1349
50295, 1273
50305, 593
50309, 268
50316, 998
50329, 766
50347, 696
50364, 1348
50380, 296
50394, 118
50403, 1005
50414, 1055
50430, 776
50433, 405
50437, 445
50439, 1196
50440, 123
50441, 730
50461, 1170
50470, 646
50474, 247
50476, 169
50490, 335
50491, 504
50497, 1113
50517, 691
50522, 1434
50526, 177
50531, 738
50550, 570
50554, 1460
50566, 1373
50580, 1473
50584, 1346
50585, 281
50594, 963
50595, 198
50603, 1469
50618, 485
50637, 1433
50647, 726
50648, 1523
50649, 1076
50666, 1551
50686, 757
50687, 527
50688, 83
50699, 365
50707, 475
50712, 1044
50730, 1517
50748, 1128
50759, 124
50763, 177
50777, 1031
50795, 764
50800, 1332
50817, 906
50822, 604
50841, 377
50844, 647
50864, 309
50884, 197
50893, 242
50899, 1482
50908, 1486
50910, 1130
50920, 973
50925, 144
50941, 275
50947, 1320
50967, 477
50982, 1474
50990, 1100
50998, 617
51015, 779
51017, 1531
51029, 111
51041, 883
51042, 1160
51047, 1157
51064, 566
51074, 837
51077, 1413
51084, 886
51101, 245
51102, 628
51118, 1440
51133, 204
51143, 369
51150, 1179
51160, 1268
51174, 78
51187, 975
51197, 344
51208, 665
51224, 476
51235, 1185
51237, 1013
51249, 1218
51260, 827
51280, 344
51296, 928
51314, 873
51319, 654
51334, 480
51339, 1247
51351, 638
51362, 1535
51369, 1335
51382, 516
51389, 1420
51406, 228
51415, 1443
51420, 462
51440, 1042
51443, 450
51455, 295
51472, 82
51486, 1347
51489, 1501
51508, 706
51523, 1203
51525, 139
51533, 694
51539, 1169
51545, 263
51550, 940
51570, 1244
51587, 747
51599, 916
51616, 430
51619, 855
51631, 792
51639, 1420
51647, 1323
51661, 1232
51663, 1519
51671, 666
51687, 1072
51704, 1391
51722, 955
51723, 342
51732, 362
51750, 1400
51763, 1207
51765, 804
51771, 242
51775, 651
51781, 1297
51786, 698
51794, 1149
51799, 1380
51819, 895
51832, 337
51834, 161
51854, 1275
51858, 873
51859, 972
51874, 1210
51885, 1153
51893, 1165
51901, 1481
51920, 1261
51929, 1257
51946, 512
51949, 1563
51956, 757
51966, 1555
51983, 1350
51997, 958
52013, 1213
52027, 1037
52037, 1145
52056, 802
52076, 92
52082, 1001
52084, 738
52097, 1464
52113, 1089
52129, 1137
52137, 639
52143, 1127
52146, 931
52147, 147
52161, 831
52167, 1124
52173, 1389
52187, 949
52196, 189
52210, 371
52216, 1503
52220, 223
52239, 1242
52257, 696
52266, 712
52280, 1103
52281, 350
52288, 1162
52305, 878
52308, 1124
52313, 791
52331, 628
52343, 774
52349, 1328
52355, 1199
52374, 719
52376, 1561
52384, 208
52399, 801
52401, 1353
52403, 1275
52416, 744
52427, 323
52445, 1173
52455, 1356
52471, 1229
52487, 1223
52504, 688
52506, 998
52524, 1265
52527, 833
52528, 742
52541, 232
52552, 90
52566, 470
52572, 467
52576, 1202
52585, 1191
52587, 1504
52597, 251
52617, 1311
52632, 1518
52633, 780
52653, 491
52665, 617
52672, 700
52690, 755
52691, 301
52700, 1105
52701, 1348
52705, 310
52719, 535
52724, 109
52741, 621
52743, 507
52759, 756
52772, 1008
52785, 1127
52799, 929
52809, 1342
52811, 773
52828, 1118
52845, 1403
52847, 683
52859, 424
52876, 1007
52893, 886
52910, 748
52912, 1463
52918, 593
52926, 1018
52937, 1173
52956, 1331
52969, 736
52970, 1101
52974, 783
52983, 225
52998, 1278
53000, 144
53006, 1372
53018, 713
53037, 633
53038, 1532
53046, 227
53053, 586
53061, 1103
53063, 658
53079, 1181
53095, 551
53107, 1302
53111, 1231
53113, 1245
53124, 1120
53130, 1020
53150, 385
53152, 512
53155, 723
53167, 340
53187, 248
53201, 214
53210, 1148
53216, 567
53229, 86
53247, 156
53250, 793
53259, 361
53269, 956
53288, 588
53294, 459
53303, 1497
53310, 735
53330, 908
53334, 1219
53342, 856
53348, 844
53368, 955
53374, 978
53378, 1374
53387, 932
53401, 635
53404, 302
53421, 1027
53440, 1452
53443, 405
53451, 362
53452, 1136
53458, 1110
53478, 96
53497, 1157
53503, 880
53523, 362
53540, 86
53556, 1524
53568, 991
53587, 1058
53595, 580
53597, 708
53601, 1390
53612, 363
53619, 143
53630, 800
53639, 945
53650, 90
53667, 734
53682, 577
53689, 996
53693, 1547
53703, 937
53717, 1281
53720, 1198
53733, 333
53740, 886
53747, 459
53748, 1189
53750, 105
53769, 1482
53774, 635
53780, 476
53781, 562
53801, 448
53807, 139
53825, 1260
53833, 1183
53852, 1002
53871, 1207
53887, 356
53904, 861
53915, 406
53933, 1161
53938, 673
53950, 1525
53968, 1531
53980, 845
54000, 594
54004, 616
54017, 1289
54020, 890
54028, 845
54030, 1522
54033, 468
54042, 804
54050, 564
54063, 982
54081, 1390
54084, 304
54087, 132
54088, 780
54101, 788
54108, 263
54118, 706
54138, 342
54141, 970
54147, 696
54152, 465
54164, 1052
54171, 720
54190, 1233
54200, 270
54219, 1040
54224, 1513
54226, 1198
54230, 1173
54235, 994
54255, 720
54265, 1341
54278, 1533
54280, 337
54290, 1397
54294, 111
54306, 1115
54311, 1532
54313, 765
54330, 238
54346, 735
54348, 382
54355, 916
54358, 1537
54369, 477
54373, 259
54375, 1448
54376, 1151
54392, 837
54404, 432
54415, 1177
54426, 1240
54444, 132
54464, 1191
54465, 343
54484, 218
54486, 494
54495, 1057
54497, 1397
54504, 906
54505, 1006
54523, 1439
54538, 1294
54542, 385
54546, 465
54561, 1429
54567, 1035
54583, 343
54585, 1134
54588, 494
54607, 854
54608, 1427
54613, 895
54627, 653
54645, 418
54657, 1240
54670, 1031
54682, 865
54686, 1273
54689, 354
54701, 1034
54709, 1166
54727, 701
54742, 531
54755, 1548
54756, 406
54769, 395
54772, 699
54773, 1366
54781, 494
54793, 1135
54796, 1061
54800, 1404
54804, 910
54809, 258
54819, 455
54832, 1478
54841, 417
54845, 526
54850, 806
54868, 347
54874, 902
54888, 453
54897, 563
54906, 1380
54909, 336
54925, 167
54938, 311
54944, 718
54952, 1110
54953, 387
54962, 1276
54973, 308
54980, 1028
54996, 326
55000, 1250
55002, 814
55020, 1189
55023, 481
55026, 1059
55028, 916
55035, 1010
55048, 990
55068, 1519
55074, 948
55076, 577
55077, 1427
55081, 685
55086, 1044
55101, 976
55102, 78
55112, 836
55132, 1313
55149, 174
55165, 1358
55178, 1455
55181, 339
55197, 1549
55205, 80
55223, 565
55240, 78
55252, 1355
55264, 1103
55280, 1206
55299, 555
55315, 348
55330, 1185
55343, 888
55352, 716
55355, 842
55375, 1124
55395, 1066
55408, 752
55426, 453
55442, 74
55443, 521
55449, 637
55461, 1260
55464, 537
55483, 1018
55486, 252
55487, 898
55494, 247
55501, 1385
55502, 476
55510, 573
55514, 515
55528, 1330
55536, 1339
55542, 762
55544, 998
55559, 470
55573, 1500
55593, 343
55607, 80
55621, 1350
55623, 323
55631, 380
55632, 1293
55638, 625
55657, 124
55658, 823
55677, 196
55690, 837
55701, 1096
55719, 252
55732, 847
55747, 690
55752, 319
55767, 893
55787, 940
55793, 586
55812, 304
55816, 1555
55836, 778
55840, 1558
55844, 1433
55864, 1247
55866, 990
55869, 996
55883, 332
55890, 898
55908, 538
55928, 807
55942, 558
55947, 1434
55953, 326
55958, 962
55977, 240
55986, 187
55987, 1550
56007, 489
56022, 789
56028, 507
56032, 185
56050, 139
56061, 94
56063, 218
56076, 689
56080, 1302
56089, 1226
56099, 994
56110, 337
56115, 602
56132, 790
56135, 276
56138, 957
56148, 342
56153, 626
56165, 1229
56175, 1230
56191, 913
56202, 82
56215, 962
56224, 807
56230, 507
56245, 1143
56251, 604
56258, 1501
56259, 1481
56270, 587
56276, 789
56279, 1472
56285, 625
56286, 1116
56298, 546
56318, 232
56321, 124
56322, 737
56328, 1315
56342, 97
56360, 945
56372, 439
56389, 766
56409, 810
56425, 197
56426, 1414
56432, 1200
56436, 762
56456, 537
56476, 849
56496, 130
56501, 1531
56511, 158
56517, 810
56520, 305
56526, 690
56546, 1154
56561, 560
56580, 750
56600, 1417
56612, 1464
56617, 1527
56632, 1251
56635, 692
56639, 828
56649, 1355
56652, 316
56665, 1091
56674, 560
56683, 133
56701, 355
56703, 146
56715, 628
56728, 457
56736, 1261
56755, 634
56771, 583
56783, 1530
56792, 387
56796, 285
56798, 1132
56816, 1314
56836, 1250
56842, 341
56861, 690
56881, 547
56886, 699
56895, 1489
56913, 180
56922, 966
56926, 1079
56944, 199
56964, 1546
56981, 804
57001, 1556
57019, 225
57021, 1474
57037, 144
57050, 1274
57067, 636
57085, 1563
57104, 1275
57110, 267
57119, 868
57121, 1242
57133, 896
57145, 648
57154, 1086
57162, 892
57179, 844
57195, 709
57205, 196
57217, 1461
57219, 1347
57228, 969
57237, 725
57238, 549
57249, 1245
57257, 1264
57275, 126
57288, 1365
57298, 1402
57304, 219
57319, 158
57339, 1551
57342, 1351
57360, 304
57379, 739
57392, 859
57405, 734
57421, 723
57433, 87
57437, 1402
57449, 1270
57468, 630
57477, 340
57482, 1491
57492, 452
57499, 1245
57519, 440
57535, 1069
57540, 675
57560, 995
57566, 357
57577, 514
57597, 162
57611, 1087
57625, 1130
57633, 1231
57642, 936
57657, 772
57663, 672
57670, 178
57678, 791
57686, 1414
57704, 1186
57724, 383
57743, 678
57759, 711
57777, 714
57792, 396
57809, 262
57812, 1387
57820, 1118
57823, 1228
57826, 1146
57846, 1372
57862, 788
57878, 303
57891, 242
57898, 1454
57912, 778
57924, 245
57934, 1532
57946, 884
57962, 1439
57976, 859
57992, 782
58011, 1217
58029, 584
58039, 777
58044, 73
58046, 1344
58050, 280
58068, 398
58085, 1173
58095, 525
58102, 1560
58107, 1098
58117, 683
58135, 1145
58151, 819
58158, 343
58176, 246
58190, 106
58193, 451
58194, 809
58210, 1243
58227, 573
58232, 862
58251, 883
58266, 1497
58278, 594
58285, 1303
58302, 668
58320, 697
58329, 1400
58334, 70
58343, 446
58354, 455
58358, 390
58366, 71
58383, 1146
58391, 955
58392, 483
58412, 252
58418, 494
58438, 205
58446, 795
58464, 939
58466, 1101
58485, 145
58505, 555
58512, 569
58522, 615
58524, 1056
58529, 1337
58549, 225
58557, 262
58561, 1321
58580, 930
58596, 1289
58602, 1122
58618, 833
58626, 1334
58631, 864
58649, 898
58657, 180
58658, 1487
58678, 155
58679, 1149
58694, 473
58696, 755
58708, 1388
58716, 1182
58732, 1498
58741, 77
58759, 510
58764, 1012
58774, 1194
58785, 1084
58789, 367
58808, 447
58814, 961
58833, 76
58846, 1096
58851, 1237
58863, 1211
58872, 651
58891, 1196
58894, 854
58912, 221
58924, 521
58938, 146
58944, 760
58958, 1447
58967, 225
58969, 1199
58972, 1451
58988, 1532
59002, 670
59003, 1553
59015, 687
59026, 1549
59037, 74
59047, 214
59054, 309
59061, 770
59070, 631
59089, 857
59090, 1118
59107, 528
59113, 136
59125, 1004
59137, 1040
59152, 409
59162, 388
59168, 416
59169, 622
59189, 848
59202, 540
59203, 1469
59214, 737
59232, 238
59234, 1008
59236, 464
59238, 690
59257, 1453
59271, 1203
59280, 122
59285, 192
59300, 1225
59319, 88
59327, 204
59331, 360
59351, 242
59360, 265
59367, 881
59369, 372
59385, 724
59402, 1263
59404, 1213
59417, 663
59432, 1515
59433, 1312
59447, 1358
59452, 1204
59463, 387
59480, 1128
59496, 930
59501, 299
59515, 449
59528, 1541
59540, 67
59554, 143
59574, 444
59583, 471
59599, 319
59613, 882
59627, 585
59630, 820
59648, 640
59666, 64
59682, 116
59694, 69
59696, 700
59716, 424
59727, 496
59747, 591
59760, 570
59766, 562
59782, 1123
59787, 979
59806, 1383
59807, 543
59814, 80
59826, 355
59840, 626
59859, 1344
59860, 1175
59868, 1243
59877, 653
59879, 411
59894, 1188
59908, 144
59926, 1094
59940, 1260
59952, 832
59959, 1372
59975, 207
59989, 962
60004, 1458
60009, 1512
60019, 334
60027, 1468
60042, 908
60056, 485
60065, 249
60078, 216
60079, 1408
60089, 432
60104, 1075
60110, 1223
60111, 687
60113, 1434
60123, 1286
60125, 1075
60131, 1493
60151, 625
60156, 547
60165, 247
60174, 167
60194, 601
60198, 717
60216, 987
60234, 548
60252, 923
60258, 574
60264, 1321
60283, 813
60297, 757
60315, 740
60318, 437
60333, 1037
60347, 296
60355, 1174
60373, 1346
60385, 421
60393, 397
60396, 908
60397, 687
60410, 1385
60419, 321
60429, 614
60443, 279
60460, 448
60467, 365
60475, 958
60489, 958
60504, 180
60524, 866
60538, 317
60541, 1085
60553, 645
60569, 918
60586, 407
60601, 669
60604, 1433
60615, 833
60624, 880
60626, 209
60634, 843
60651, 1321
60654, 915
60674, 432
60687, 668
60703, 643
60723, 742
60736, 100
60740, 1127
60758, 944
60778, 1152
60780, 1173
60796, 791
60804, 905
60820, 982
60831, 1075
60846, 1091
60866, 1159
60878, 87
60897, 508
60898, 949
60918, 1439
60931, 1445
60937, 1147
60953, 236
60957, 795
60961, 1085
60981, 523
60992, 1096
61008, 1215
61022, 1498
61037, 692
61044, 798
61048, 1145
61054, 75
61071, 453
61080, 85
61095, 1069
61109, 777
61124, 905
61133, 1115
61141, 954
61143, 1305
61159, 663
61163, 1034
61183, 1448
61194, 396
61201, 1534
61217, 183
61226, 1552
61240, 210
61253, 389
61256, 418
61264, 1087
61271, 590
61288, 371
61291, 488
61300, 446
61314, 305
61331, 924
61339, 1404
61345, 523
61358, 71
61366, 923
61371, 438
61390, 155
61401, 1484
61419, 590
61422, 636
61439, 779
61454, 360
61464, 929
61470, 1355
61480, 531
61499, 76
61516, 1492
61531, 978
61546, 1098
61560, 883
61572, 268
61578, 140
61585, 200
61599, 782
61613, 917
61623, 1433
61636, 170
61654, 296
61662, 547
61666, 297
61671, 1241
61685, 698
61688, 169
61692, 877
61707, 331
61713, 352
61726, 901
61731, 1372
61746, 933
61757, 451
61769, 118
61785, 319
61801, 1056
61818, 1229
61831, 349
61835, 1438
61844, 1272
61854, 1020
61857, 112
61873, 532
61876, 388
61878, 658
61888, 969
61895, 1531
61896, 839
61909, 803
61921, 793
61929, 613
61939, 200
61943, 455
61962, 578
61982, 1444
61992, 628
62012, 281
62021, 132
62040, 1151
62049, 363
62062, 446
62068, 510
62075, 823
62078, 406
62087, 1274
62105, 394
62119, 716
62138, 1336
62140, 966
62157, 1064
62165, 1297
62173, 1548
62177, 881
62178, 127
62190, 523
62209, 196
62221, 1520
62236, 1446
62254, 538
62273, 858
62279, 1229
62285, 796
62301, 1034
62320, 502
62336, 379
62354, 521
62356, 1556
62375, 1473
62388, 416
62391, 379
62410, 979
62422, 457
62437, 1110
62453, 1018
62456, 1203
62459, 1154
62468, 763
62488, 692
62491, 1558
62509, 1171
62523, 273
62539, 1286
62550, 1557
62570, 651
62581, 447
62600, 757
62617, 163
62620, 1056
62625, 414
62630, 658
62646, 1195
62651, 760
62668, 365
62680, 894
62698, 585
62714, 855
62733, 193
62743, 547
62760, 681
62769, 762
62772, 157
62789, 1285
62803, 264
62817, 803
62820, 1251
62830, 577
62847, 201
62867, 1374
62870, 681
62888, 1102
62907, 961
62909, 1497
62920, 538
62924, 379
62928, 655
62935, 989
62936, 963
62941, 1339
62942, 281
62958, 848
62962, 406
62965, 681
62980, 721
62984, 933
62986, 94
62989, 368
63003, 1073
63013, 583
63028, 940
63030, 944
63042, 716
63044, 558
63048, 635
63059, 1147
63062, 758
63075, 1008
63092, 590
63100, 688
63110, 1496
63115, 877
63130, 141
63135, 1131
63139, 389
63152, 599
63167, 1191
63175, 1056
63179, 1178
63182, 123
63187, 215
63203, 1324
63214, 551
63223, 1370
63233, 175
63238, 707
63247, 381
63257, 382
63267, 1256
63280, 685
63293, 154
63301, 966
63303, 780
63314, 384
63326, 671
63346, 613
63357, 1367
63371, 107
63377, 1329
63397, 1260
63403, 1497
63417, 1234
63418, 1276
63427, 859
63437, 102
63457, 172
63473, 1191
63474, 1144
63491, 854
63500, 948
63501, 867
63512, 460
63523, 949
63530, 1316
63549, 303
63563, 736
63572, 1053
63579, 1081
63580, 393
63598, 1225
63610, 1003
63614, 1125
63624, 1136
63634, 1097
63646, 758
63657, 655
63676, 712
63691, 1028
63692, 251
63697, 1195
63716, 498
63727, 131
63728, 1498
63729, 483
63735, 453
63742, 1132
63753, 712
63768, 1196
63786, 1366
63800, 720
63813, 1494
63826, 1035
63835, 1272
63842, 256
63862, 489
63872, 536
63886, 481
63889, 745
63892, 220
63898, 994
63918, 523
63919, 968
63939, 640
63951, 388
63964, 408
63972, 1219
63983, 764
63987, 198
64003, 1350
64004, 517
64013, 1537
64018, 1322
64021, 1400
64031, 114
64045, 1464
64057, 1320
64063, 983
64071, 1393
64081, 163
64099, 594
64105, 762
64119, 496
64127, 696
64129, 1145
64132, 367
64152, 1456
64171, 1005
64188, 1318
64199, 411
64216, 777
64231, 973
64236, 1022
64252, 990
64269, 1266
64283, 85
64302, 291
64312, 1276
64327, 192
64336, 344
64349, 1032
64360, 1250
64368, 682
64375, 1392
64379, 748
64384, 1287
64394, 1280
64407, 883
64426, 280
64438, 779
64444, 1453
64448, 1371
64454, 1341
64459, 843
64470, 486
64471, 426
64486, 294
64489, 507
64498, 814
64518, 859
64519, 1384
64537, 807
64543, 1365
64549, 1527
64561, 125
64576, 1095
64592, 88
64607, 644
64626, 1496
64644, 1398
64662, 1028
64675, 890
64681, 329
64697, 923
64715, 239
64722, 1297
64734, 654
64739, 1563
64753, 817
64771, 396
64777, 711
64793, 296
64805, 776
64817, 1029
64823, 1094
64833, 1458
64837, 1164
64853, 806
64854, 1079
64868, 128
64878, 276
64889, 490
64894, 1338
64913, 1460
64918, 388
64928, 446
64948, 844
64968, 252
64984, 589
64990, 737
65005, 1089
65021, 1082
65034, 1320
65049, 444
65069, 1145
65081, 533
65091, 554
65092, 186
65108, 1067
65120, 1213
65138, 1333
65140, 758
65146, 417
65156, 911
65174, 906
65184, 1248
65194, 1559
65207, 606
65212, 814
65221, 1267
65240, 1479
65259, 1355
65262, 865
65279, 1490
65288, 862
65303, 82
65322, 1378
65331, 1143
65346, 174
65366, 763
65367, 272
65370, 166
65373, 1234
65381, 982
65397, 1543
65400, 168
65401, 653
65411, 592
65420, 577
65422, 1041
65442, 863
65447, 372
65462, 1285
65466, 73
65479, 1014
65493, 882
65510, 1540
65528, 792
65546, 395
65560, 1135
65563, 370
65564, 430
65580, 859
65590, 1355
65606, 490
65615, 1068
65625, 562
65630, 734
65647, 483
65665, 448
65668, 423
65681, 79
65686, 1260
65700, 585
65703, 745
65709, 372
65729, 1361
65735, 1337
65738, 640
65744, 1264
65753, 175
65754, 262
65755, 1338
65767, 328
65774, 744
65786, 365
65803, 1003
65808, 551
65827, 756
65832, 738
65847, 342
65852, 1509
65868, 1118
65882, 1529
65897, 429
65908, 984
65914, 1441
65929, 1279
65931, 925
65932, 1126
65948, 1236
65966, 1311
65986, 783
66003, 501
66005, 1054
66017, 1333
66029, 1324
66044, 943
66060, 214
66063, 611
66073, 1278
66090, 294
66107, 832
66109, 1399
66111, 905
66112, 181
66124, 1166
66135, 1239
66141, 1303
66151, 945
66169, 1485
66170, 1116
66186, 1256
66189, 1345
66207, 993
66214, 1114
66219, 823
66226, 982
66230, 128
66249, 599
66256, 1519
66271, 588
66290, 247
66293, 1027
66305, 331
66320, 1211
66327, 1312
66343, 1295
66344, 518
66346, 235
66354, 999
66368, 767
66380, 88
66389, 613
66398, 1381
66403, 1550
66422, 1323
66442, 1220
66443, 892
66450, 217
66456, 414
66469, 672
66487, 304
66507, 236
66516, 1146
66527, 374
66528, 1047
66533, 688
66545, 252
66561, 134
66567, 342
66581, 1084
66601, 64
66621, 295
66636, 1050
66639, 1045
66652, 1026
66656, 1511
66661, 1501
66671, 273
66677, 259
66684, 637
66704, 1190
66711, 1231
66730, 1276
66738, 1001
66739, 537
66742, 1497
66758, 772
66760, 812
66779, 1144
66793, 1173
66800, 1221
66815, 1457
66820, 1410
66826, 1130
66844, 1367
66849, 176
66856, 949
66873, 604
66879, 1080
66888, 447
66889, 224
66895, 978
66913, 397
66928, 1076
66946, 1061
66951, 1427
66969, 444
66983, 816
66993, 277
67004, 957
67012, 864
67018, 724
67031, 1150
67034, 513
67040, 632
67057, 818
67075, 1168
67094, 643
67112, 1012
67114, 709
67123, 728
67143, 595
67159, 491
67170, 1442
67187, 116
67188, 372
67200, 1195
67210, 1520
67224, 1285
67232, 1560
67242, 1288
67253, 241
67261, 332
67262, 1070
67281, 1505
67301, 874
67311, 1042
67321, 855
67324, 777
67339, 963
67347, 1144
67360, 382
67374, 1264
67378, 1384
67396, 1120
67413, 1041
67414, 291
67419, 1381
67426, 490
67431, 1501
67438, 688
67450, 815
67465, 635
67480, 853
67482, 1108
67499, 853
67512, 849
67523, 1460
67529, 254
67542, 216
67551, 689
67556, 910
67565, 239
67576, 720
67591, 76
67594, 1335
67595, 1456
67614, 517
67624, 375
67644, 661
67660, 870
67666, 1366
67668, 223
67682, 1237
67686, 507
67690, 1425
67701, 1230
67714, 1321
67715, 78
67729, 317
67749, 103
67751, 705
67756, 1095
67773, 115
67786, 1170
67787, 741
67790, 72
67799, 1066
67804, 1458
67811, 273
67823, 249
67837, 498
67849, 1249
67861, 621
67866, 413
67884, 1241
67894, 247
67908, 597
67920, 739
67921, 717
67931, 859
67948, 1255
67966, 146
67982, 1327
67987, 1017
67996, 556
68010, 1561
68028, 1504
68040, 222
68055, 551
68056, 164
68058, 906
68067, 224
68071, 770
68091, 645
68098, 1511
68101, 787
68118, 326
68123, 1303
68130, 339
68147, 601
68160, 771
68162, 107
68163, 249
68167, 1363
68177, 1046
68194, 1406
68213, 238
68215, 486
68227, 333
68233, 420
68241, 1266
68244, 606
68252, 739
68272, 449
68287, 1297
68302, 914
68317, 1261
68321, 707
68340, 659
68346, 423
68362, 470
68371, 837
68388, 545
68403, 720
68416, 1096
68426, 1330
68446, 526
68460, 364
68463, 1168
68470, 302
68486, 514
68504, 628
68510, 334
68519, 1532
68538, 1166
68541, 353
68555, 1383
68564, 967
68579, 1337
68584, 1351
68604, 1330
68609, 989
68624, 1377
68632, 149
68633, 1024
68643, 971
68644, 809
68658, 419
68676, 1423
68679, 1143
68688, 1048
68692, 110
68707, 274
68720, 1001
68729, 1012
68746, 539
68747, 1199
68756, 1099
68775, 757
68780, 552
68792, 104
68809, 184
68824, 1350
68827, 198
68839, 1423
68851, 684
68865, 1131
68868, 886
68888, 1522
68897, 191
68905, 1474
68910, 984
68925, 564
68937, 514
68944, 377
68945, 1403
68958, 674
68971, 789
68976, 313
68985, 150
68997, 1426
68999, 419
69009, 1247
69027, 1376
69035, 1472
69040, 712
69048, 1205
69055, 818
69061, 480
69065, 442
69074, 494
69078, 728
69080, 889
69096, 253
69104, 1455
69108, 1428
69109, 1185
69120, 768
69140, 342
69152, 782
69164, 1126
69174, 1326
69178, 235
69192, 176
69199, 1127
69206, 981
69215, 710
69221, 864
69224, 1137
69239, 130
69255, 843
69267, 149
69271, 611
69284, 235
69301, 642
69305, 1234
69313, 722
69331, 1411
69348, 1404
69353, 736
69371, 186
69378, 310
69387, 1371
69398, 847
69401, 1163
69408, 858
69412, 590
69414, 208
69419, 580
69429, 943
69442, 1415
69450, 1441
69461, 84
69464, 1200
69478, 94
69492, 872
69498, 460
69512, 228
69514, 437
69526, 448
69533, 978
69551, 266
69563, 1118
69583, 1500
69594, 629
69607, 1137
69626, 1275
69637, 275
69638, 802
69653, 849
69657, 503
69661, 1429
69673, 1217
69688, 1424
69695, 874
69698, 1212
69704, 182
69714, 1534
69732, 361
69747, 388
69753, 221
69771, 1181
69786, 1080
69803, 916
69814, 362
69830, 329
69840, 638
69851, 1558
69854, 153
69860, 706
69877, 500
69891, 1152
69896, 376
69902, 1193
69917, 903
69921, 1241
69928, 1516
69933, 559
69943, 569
69957, 1512
69974, 908
69978, 234
69991, 284
70002, 113
70018, 1357
70037, 234
70052, 407
70055, 1550
70059, 551
70072, 665
70090, 530
70103, 395
70121, 602
70139, 875
70143, 455
70157, 1410
70168, 1278
70169, 1542
70170, 72
70174, 1180
70188, 648
70194, 1519
70209, 1497
70229, 390
70231, 663
70244, 720
70248, 648
70260, 226
70270, 1228
70279, 84
70291, 796
70296, 1035
70303, 1278
70313, 86
70314, 1142
70324, 120
70330, 471
70349, 230
70358, 220
70373, 198
70385, 1293
70402, 1019
70422, 1437
70426, 1309
70430, 1069
70448, 1263
70451, 1235
70462, 975
70466, 1335
70473, 1318
70475, 982
70476, 761
70480, 769
70494, 387
70500, 336
70514, 197
70523, 751
70528, 806
70544, 1155
70560, 226
70575, 1534
70576, 376
70596, 649
70612, 590
70628, 1342
70640, 578
70651, 357
70661, 1435
70672, 610
70679, 862
70689, 451
70701, 114
70707, 280
70712, 980
70716, 1340
70726, 1327
70734, 386
70736, 471
70756, 1536
70773, 1012
70784, 1350
70785, 1558
70798, 74
70801, 1210
70821, 490
70835, 1147
70851, 379
70855, 182
70857, 241
70866, 759
70867, 107
70872, 129
70879, 621
70884, 252
70899, 667
70919, 304
70937, 1107
70943, 1533
70954, 1557
70967, 1157
70977, 370
70985, 1122
70998, 1351
71018, 1369
71028, 232
71045, 549
71048, 349
71061, 492
71076, 1127
71087, 1238
71103, 858
71117, 1072
71130, 1557
71141, 936
71143, 971
71156, 317
71166, 369
71185, 1518
71205, 1072
71212, 646
71213, 1044
71230, 807
71239, 1305
71257, 439
71261, 1525
71267, 375
71274, 238
71294, 654
71301, 1269
71309, 819
71315, 291
71324, 771
71327, 303
71344, 920
71346, 1325
71355, 687
71375, 1325
71376, 877
71392, 1223
71396, 1268
71411, 558
71415, 1457
71425, 1014
71445, 359
71458, 810
71459, 1354
71477, 841
71492, 260
71498, 381
71518, 1068
71521, 938
71539, 970
71550, 224
71559, 491
71570, 699
71581, 509
71601, 934
71616, 597
71618, 1170
71626, 266
71633, 105
71648, 1029
71662, 1222
71663, 607
71670, 1542
71680, 1554
71690, 855
71709, 908
71722, 280
71728, 232
71747, 838
71754, 467
71761, 790
71774, 1098
71788, 1271
71807, 1425
71819, 1308
71835, 1255
71842, 309
71855, 563
71864, 850
71873, 1554
71888, 225
71894, 417
71905, 730
71911, 1538
71927, 823
71947, 378
71949, 153
71965, 314
71976, 888
71996, 1118
72008, 737
72021, 1297
72026, 826
72032, 651
72052, 602
72063, 399
72074, 1347
72082, 953
72094, 736
72113, 231
72114, 1151
72129, 786
72137, 1283
72147, 1287
72163, 209
72180, 1170
72200, 404
72219, 1039
72226, 810
72234, 864
72248, 485
72267, 1043
72285, 1494
72298, 671
72315, 1124
72334, 1524
72344, 860
72346, 666
72353, 832
72367, 878
72386, 1430
72399, 337
72415, 979
72435, 1449
72445, 304
72451, 1234
72455, 1383
72459, 1520
72478, 1552
72492, 197
72497, 682
72505, 177
72509, 304
72515, 536
72530, 917
72546, 1299
72562, 560
72570, 415
72581, 1332
72587, 651
72597, 432
72611, 1493
72616, 1109
72628, 255
72631, 1419
72632, 1461
72633, 88
72641, 1373
72656, 1147
72672, 378
72689, 1046
72701, 418
72706, 686
72720, 1168
72726, 491
72742, 388
72744, 398
72747, 608
72754, 633
72768, 1023
72786, 339
72794, 328
72799, 756
72800, 418
72810, 1059
72816, 913
72817, 421
72826, 1223
72841, 673
72848, 327
72852, 178
72869, 722
72879, 1415
72896, 820
72906, 162
72908, 1526
72910, 598
72911, 202
72919, 453
72921, 1198
72923, 1562
72933, 132
72935, 944
72937, 1553
72957, 464
72960, 1433
72970, 779
72989, 1403
72996, 1274
73005, 606
73020, 521
73028, 1242
73030, 262
73036, 1186
73043, 448
73050, 722
73065, 756
73079, 229
73088, 406
73096, 333
73100, 1547
73110, 226
73125, 641
73126, 732
73143, 812
73152, 676
73162, 736
73170, 1076
73174, 207
73175, 658
73180, 1132
73183, 422
73191, 711
73207, 434
73216, 331
73236, 680
73239, 954
73255, 682
73271, 1273
73286, 165
73297, 443
73299, 1210
73313, 794
73332, 1284
73345, 655
73365, 1228
73372, 397
73384, 509
73397, 885
73404, 949
73407, 1368
73421, 1487
73441, 262
73443, 1281
73452, 1110
73453, 509
73463, 862
73483, 930
73494, 1307
73501, 1242
73505, 840
73515, 477
73527, 224
73528, 1121
73531, 1241
73534, 1440
73553, 628
73559, 1113
73570, 394
73572, 1238
73581, 248
73584, 1462
73586, 1070
73590, 1254
73601, 852
73614, 946
73632, 1305
73639, 525
73652, 91
73658, 1512
73672, 1092
73692, 347
73708, 920
73725, 1193
73730, 1050
73747, 275
73752, 1015
73753, 570
73759, 1385
73767, 644
73774, 1164
73792, 1011
73810, 675
73813, 192
73830, 1140
73838, 755
73843, 489
73853, 884
73855, 1406
73856, 1554
73866, 243
73882, 346
73894, 132
73909, 734
73919, 666
73925, 490
73931, 443
73935, 138
73952, 1081
73958, 301
73963, 171
73968, 614
73981, 100
73982, 425
73985, 1520
73996, 573
74005, 528
74019, 912
74038, 478
74039, 510
74050, 353
74062, 725
74068, 1550
74072, 1451
74086, 539
74102, 682
74107, 947
74109, 1169
74114, 1101
74131, 888
74151, 1318
74171, 1282
74190, 1273
74200, 900
74217, 1166
74233, 1269
74238, 895
74246, 980
74249, 1504
74256, 390
74262, 1269
74279, 397
74283, 124
74302, 351
74320, 785
74338, 191
74342, 550
74345, 1101
74348, 159
74362, 1476
74377, 1466
74391, 1309
74398, 355
74418, 697
74436, 1521
74444, 283
74461, 1376
74466, 979
74473, 1090
74478, 518
74482, 415
74494, 1491
74498, 398
74501, 265
74515, 909
74531, 842
74551, 1044
74555, 240
74557, 537
74567, 978
74578, 1246
74584, 577
74602, 971
74610, 999
74611, 590
74625, 608
74631, 372
74638, 143
74653, 238
74671, 435
74686, 1059
74688, 1171
74689, 296
74696, 1063
74697, 1093
74698, 1236
74699, 1286
74710, 1109
74712, 1014
74727, 231
74746, 367
74754, 414
74762, 846
74770, 777
74777, 1104
74796, 552
74811, 1422
74818, 1335
74824, 1276
74838, 1166
74855, 220
74872, 583
74881, 105
74899, 263
74919, 1474
74939, 449
74943, 825
74944, 1384
74955, 1272
74960, 559
74980, 962
74994, 282
75000, 425
75007, 1514
75013, 1470
75029, 288
75038, 657
75040, 135
75058, 1168
75065, 383
75082, 398
75091, 702
75100, 1261
75119, 1549
75126, 195
75138, 1554
75153, 471
75167, 841
75174, 1504
75192, 88
75210, 1290
75213, 755
75215, 225
75219, 243
75228, 830
75242, 1093
75262, 378
75270, 1470
75276, 434
75281, 831
75296, 941
75315, 1134
75335, 684
75340, 1299
75354, 407
75366, 440
75371, 1074
75389, 545
75401, 1519
75404, 1533
75410, 1143
75417, 441
75435, 587
75450, 273
75464, 1532
75474, 1500
75486, 644
75490, 407
75504, 152
75506, 414
75515, 427
75532, 227
75552, 860
75560, 1259
75578, 947
75585, 1327
75601, 1319
75615, 94
75630, 240
75634, 1367
75639, 171
75643, 217
75653, 755
75670, 1217
75672, 1283
75682, 228
75695, 1203
75704, 269
75707, 1075
75710, 849
75727, 497
75747, 222
75754, 267
75769, 269
75771, 561
75784, 743
75789, 896
75803, 958
75807, 1031
75819, 375
75831, 1217
75838, 971
75855, 116
75868, 730
75885, 1380
75891, 887
75907, 934
75921, 1050
75929, 1090
75939, 642
75958, 391
75975, 1131
75978, 678
75986, 1158
75992, 474
76008, 966
76014, 487
76016, 1424
76027, 1160
76038, 438
76056, 326
76073, 797
76093, 1333
76107, 1378
76114, 1517
76125, 705
76129, 113
76141, 1261
76147, 686
76165, 267
76182, 1236
76191, 810
76202, 588
76221, 1558
76240, 1109
76252, 224
76271, 893
76283, 158
76299, 814
76305, 780
76324, 1274
76331, 569
76345, 387
76358, 1065
76378, 1211
76382, 423
76391, 207
76393, 1463
76402, 408
76420, 1163
76438, 1279
76443, 961
76459, 1025
76474, 1135
76479, 846
76498, 1294
76507, 715
76527, 968
76547, 186
76561, 1553
76570, 1545
76584, 351
76589, 93
76602, 485
76603, 1300
76619, 645
76623, 1064
76643, 454
76651, 327
76657, 744
76675, 636
76689, 965
76701, 1388
76720, 484
76736, 828
76742, 664
76748, 1372
76768, 663
76774, 1445
76787, 903
76797, 1543
76804, 1033
76816, 1406
76827, 1276
76843, 294
76845, 193
76858, 241
76867, 1109
76868, 1303
76881, 626
76899, 1376
76908, 73
76915, 73
76926, 1555
76941, 1056
76952, 1286
76956, 1541
76965, 743
76976, 289
76996, 510
77015, 1422
77028, 1202
77043, 1027
77053, 1473
77073, 830
77077, 182
77096, 1503
77116, 461
77119, 187
77124, 378
77137, 1296
77154, 366
77159, 467
77179, 311
77195, 1507
77208, 703
77218, 100
77238, 218
77244, 372
77252, 115
77268, 605
77270, 399
77273, 127
77286, 1048
77289, 951
77300, 70
77308, 887
77316, 1183
77327, 1116
77329, 88
77341, 938
77346, 406
77351, 375
77371, 202
77377, 999
77379, 1021
77381, 386
77383, 1075
77396, 1511
77401, 1218
77419, 259
77433, 721
77452, 1021
77468, 1513
77486, 212
77504, 352
77514, 1197
77529, 408
77548, 1028
77563, 806
77565, 945
77571, 720
77580, 1363
77599, 660
77601, 731
77609, 394
77618, 1473
77622, 740
77636, 273
77653, 100
77664, 176
77684, 961
77703, 785
77708, 501
77728, 1461
77731, 1266
77742, 485
77745, 1208
77759, 1419
77762, 191
77779, 640
77790, 470
77793, 613
77800, 191
77818, 495
77822, 691
77823, 355
77826, 896
77829, 209
77843, 1213
77861, 544
77871, 1206
77880, 279
77881, 717
77885, 1367
77894, 1092
77913, 669
77929, 376
77946, 1357
77948, 1489
77967, 815
77970, 271
77988, 1525
77993, 793
78010, 1521
78016, 1039
78034, 304
78044, 1333
78047, 1495
78051, 750
78055, 446
78064, 907
78083, 526
78100, 477
78110, 851
78122, 1440
78142, 1442
78146, 828
78165, 1390
78170, 1103
78184, 122
78189, 249
78192, 502
78202, 1013
78207, 382
78219, 781
78224, 592
78227, 799
78241, 1232
78261, 141
78265, 898
78268, 1162
78274, 895
78287, 586
78289, 351
78308, 1168
78313, 686
78320, 1113
78338, 485
78343, 692
78351, 1195
78356, 1016
78364, 1133
78379, 1286
78386, 154
78397, 275
78413, 1499
78423, 1468
78432, 738
78436, 1504
78439, 699
78454, 1178
78469, 435
78489, 872
78499, 1369
78508, 975
78516, 1539
78523, 436
78532, 862
78533, 502
78553, 1400
78562, 221
78570, 1545
78579, 218
78591, 1079
78599, 280
78601, 1191
78603, 1482
78614, 437
78619, 734
78624, 627
78633, 1014
78637, 329
78644, 721
78651, 230
78656, 1472
78670, 927
78683, 1089
78687, 660
78699, 159
78702, 1375
78711, 1148
78721, 742
78727, 280
78729, 999
78749, 215
78756, 730
78765, 920
78770, 1257
78773, 822
78792, 886
78800, 1035
78815, 966
78832, 1496
78848, 360
78867, 1197
78874, 322
78888, 1009
78891, 964
78911, 88
78922, 1313
78940, 262
78942, 1542
78955, 855
78970, 559
78990, 197
79002, 136
79010, 225
79025, 97
79037, 1258
79039, 358
79041, 1550
79061, 462
79070, 1071
79080, 629
79096, 113
79107, 1543
79123, 364
79142, 87
79151, 97
79159, 1088
79178, 768
79197, 987
79211, 120
79216, 640
79218, 231
79235, 525
79240, 1327
79241, 1153
79246, 509
79257, 974
79260, 648
79262, 970
79266, 1441
79270, 354
79272, 851
79287, 667
79293, 696
79300, 368
79315, 226
79333, 800
79340, 738
79355, 198
79359, 1256
79366, 526
79376, 737
79385, 626
79404, 1337
79423, 417
79427, 1221
79432, 258
79442, 637
79452, 504
79467, 1413
79484, 1141
79501, 93
79507, 1252
79518, 1108
79535, 372
79542, 1185
79555, 1026
79563, 669
79564, 1141
79574, 480
79589, 1216
79599, 132
79605, 875
79619, 826
79621, 816
79625, 1050
79637, 557
79639, 234
79655, 289
79669, 869
79687, 703
79698, 545
79706, 639
79717, 1458
79727, 308
79733, 693
79738, 584
79746, 606
79756, 1478
79762, 1216
79776, 362
79791, 781
79805, 636
79817, 1440
79821, 978
79829, 857
79843, 311
79849, 194
79861, 971
79865, 260
79874, 1270
79891, 1516
79905, 976
79910, 1310
79911, 1498
79922, 1185
79941, 250
79960, 1244
79972, 1486
79973, 161
79977, 1467
79983, 108
79998, 1477
80004, 570
80016, 98
80021, 1431
80034, 171
80040, 804
80042, 160
80058, 1185
80070, 64
80073, 502
80077, 364
80080, 816
80096, 716
80112, 963
80129, 412
80139, 1394
80157, 176
80158, 1466
80178, 1443
80189, 366
80192, 1048
80197, 1302
80217, 1252
80232, 603
80243, 498
80251, 483
80257, 633
80274, 1377
80280, 1290
80293, 1535
80303, 318
80320, 1526
80322, 1544
80331, 1330
80336, 974
80339, 698
80358, 595
80371, 142
80387, 377
80396, 1012
80409, 518
80425, 172
80445, 333
80457, 1275
80466, 438
80486, 649
80506, 732
80522, 249
80539, 1414
80543, 1193
80554, 239
80565, 796
80573, 743
80593, 1308
80608, 738
80626, 1255
80641, 303
80654, 392
80669, 746
80689, 397
80699, 982
80715, 1501
80733, 1246
80746, 579
80761, 277
80769, 1209
80786, 1295
80803, 1494
80805, 1041
80810, 868
80811, 852
80829, 1022
80845, 426
80851, 624
80870, 1238
80875, 1333
80892, 1509
80899, 1102
80917, 1265
80927, 1536
80932, 1321
80936, 184
80956, 1277
80975, 900
80994, 1543
81010, 813
81011, 1474
81024, 627
81037, 690
81048, 1200
81051, 984
81062, 941
81075, 1464
81088, 1353
81108, 1504
81125, 1376
81144, 394
81164, 1243
81184, 1401
81195, 1092
81199, 388
81204, 1452
81208, 280
81211, 999
81224, 255
81243, 72
81247, 936
81266, 282
81268, 1021
81276, 275
81285, 1223
81293, 1054
81297, 77
81312, 398
81316, 392
81336, 1184
81348, 485
81364, 249
81369, 882
81374, 462
81375, 1550
81395, 312
81400, 359
81419, 456
81428, 751
81437, 1237
81438, 1227
81448, 1103
81457, 573
81460, 1548
81464, 1052
81469, 225
81482, 864
81484, 1520
81501, 1277
81514, 147
81519, 357
81536, 1112
81551, 864
81559, 762
81573, 915
81581, 502
81588, 398
81607, 951
81616, 515
81619, 911
81620, 232
81628, 535
81631, 255
81644, 1201
81648, 1236
81652, 1120
81656, 927
81662, 783
81679, 304
81693, 542
81713, 207
81730, 1181
81746, 667
81757, 1334
81758, 534
81777, 393
81784, 357
81796, 438
81799, 82
81801, 579
81810, 575
81829, 1251
81832, 1433
81852, 1258
81868, 609
81874, 334
81878, 1282
81883, 1005
81886, 771
81903, 724
81904, 1082
81916, 683
81929, 1133
81938, 958
81939, 659
81941, 1100
81945, 191
81961, 1345
81974, 1481
81983, 1053
81998, 293
82008, 1183
82026, 152
82044, 1095
82049, 1228
82068, 1560
82088, 1147
82100, 661
82112, 575
82127, 158
82147, 269
82166, 1254
82176, 1023
82177, 978
82184, 602
82190, 340
82193, 912
82201, 1405
82218, 1062
82224, 887
82242, 633
82251, 788
82253, 574
82261, 523
82268, 1012
82274, 1340
82283, 349
82286, 726
82301, 823
82313, 230
82317, 1256
82336, 143
82352, 1528
82367, 748
82380, 683
82399, 1241
82416, 395
82417, 354
82430, 1438
82438, 620
82457, 314
82459, 1502
82466, 304
82478, 283
82489, 852
82508, 148
82521, 1332
82526, 837
82543, 323
82557, 499
82576, 347
82595, 869
82597, 696
82609, 175
82615, 439
82632, 890
82636, 436
82639, 917
82642, 395
82646, 1547
82658, 1021
82675, 554
82676, 145
82694, 1223
82705, 1520
82724, 1415
82735, 1083
82748, 1298
82758, 1070
82768, 670
82787, 1010
82788, 1423
82793, 835
82795, 360
82799, 1150
82805, 292
82814, 1178
82827, 1198
82844, 1439
82847, 381
82860, 852
82861, 1524
82865, 846
82885, 750
82894, 289
82897, 1497
82905, 742
82911, 860
82925, 321
82934, 1345
82941, 719
82946, 1111
82962, 1324
82979, 141
82996, 923
82997, 83
83017, 898
83025, 1322
83036, 752
83050, 1527
83052, 740
83072, 1082
83085, 387
83099, 301
83111, 977
83120, 350
83140, 184
83143, 1020
83152, 466
83156, 911
83172, 928
83187, 185
83207, 1282
83215, 541
83230, 113
83240, 554
83258, 355
83265, 555
83274, 162
83281, 893
83296, 1467
83299, 360
83313, 88
83316, 1119
83317, 656
83331, 271
83350, 1518
83366, 1163
83374, 1441
83379, 917
83388, 938
83408, 338
83412, 574
83418, 1546
83430, 674
83438, 1174
83452, 500
83465, 363
83478, 1136
83495, 360
83511, 294
83522, 223
83539, 382
83553, 1112
83569, 853
83572, 189
83592, 1126
83604, 81
83605, 454
83616, 1459
83635, 263
83643, 298
83649, 1327
83650, 1351
83661, 959
83670, 850
83687, 825
83690, 269
83697, 439
83705, 249
83714, 313
83732, 66
83733, 810
83747, 761
83760, 1058
83780, 168
83786, 894
83795, 1042
83798, 1012
83808, 1016
83809, 117
83816, 1282
83821, 1432
83827, 418
83844, 269
83858, 1142
83877, 422
83891, 1028
83903, 977
83909, 1551
83916, 1530
83928, 1279
83932, 994
83946, 1034
83954, 700
83973, 553
83975, 366
83994, 505
84013, 1452
84014, 146
84032, 113
84036, 747
84045, 794
84056, 487
84064, 347
84084, 1207
84104, 826
84110, 1406
84128, 651
84143, 1289
84152, 774
84166, 1199
84170, 623
84184, 180
84196, 727
84214, 700
84216, 1173
84230, 1139
84238, 156
84239, 1431
84245, 336
84253, 1069
84256, 1411
84260, 1127
84267, 917
84287, 677
84306, 502
84308, 890
84323, 1231
84337, 398
84345, 879
84363, 1530
84377, 316
84389, 980
84404, 512
84417, 547
84430, 1485
84445, 669
84446, 132
84455, 1063
84471, 469
84476, 184
84482, 1392
84501, 1530
84509, 498
84521, 1062
84539, 1376
84545, 854
84551, 99
84569, 816
84580, 679
84589, 224
84603, 797
84610, 854
84623, 810
84640, 1533
84641, 214
84643, 1419
84652, 1301
84665, 331
84680, 125
84681, 963
84700, 228
84708, 629
84721, 708
84729, 84
84741, 1016
84748, 926
84752, 1204
84754, 93
84770, 380
84774, 131
84787, 1453
84794, 610
84799, 1128
84803, 436
84806, 239
84813, 1014
84827, 1261
84829, 315
84841, 1094
84843, 804
84848, 195
84849, 1317
84865, 835
84883, 242
84888, 786
84894, 147
84910, 448
84927, 605
84936, 550
84952, 762
84961, 433
84981, 1247
85000, 1075
85014, 340
85028, 833
85036, 883
85043, 1433
85052, 1029
85054, 173
85071, 1241
85084, 320
85087, 414
85090, 1126
85100, 835
85106, 322
85107, 961
85115, 457
85129, 814
85149, 348
85155, 135
85163, 1162
85174, 815
85175, 1525
85176, 1465
85189, 1238
85190, 186
85206, 783
85221, 732
85239, 68
85254, 658
85258, 1012
85265, 1189
85274, 225
85289, 1450
85296, 1074
85305, 1370
85311, 816
85320, 1014
85332, 543
85339, 1534
85348, 907
85352, 1024
85353, 322
85372, 137
85388, 592
85397, 744
85411, 232
85418, 838
85437, 380
85451, 317
85455, 1252
85461, 1483
85480, 655
85496, 1481
85507, 1140
85517, 1345
85537, 251
85550, 1056
85559, 130
85564, 936
85582, 637
85600, 422
85608, 1407
85619, 267
85638, 923
85640, 621
85652, 999
85655, 615
85662, 1468
85672, 300
85687, 1510
85701, 811
85716, 270
85736, 1202
85747, 173
85765, 407
85769, 375
85773, 104
85792, 736
85800, 342
85809, 621
85814, 531
85833, 938
85840, 910
85856, 506
85861, 1247
85872, 1396
85875, 1515
85888, 1429
85896, 1038
85900, 1269
85919, 1292
85920, 602
85930, 357
85937, 1267
85956, 465
85972, 830
85986, 226
86002, 1273
86016, 283
86023, 1181
86038, 413
86058, 347
86075, 576
86083, 314
86090, 1456
86109, 242
86123, 376
86124, 79
86127, 67
86130, 557
86148, 205
86149, 175
86150, 1312
86161, 753
86165, 620
86172, 602
86190, 743
86204, 729
86208, 349
86224, 480
86240, 736
86253, 762
86258, 1179
86275, 494
86288, 1272
86292, 1277
86303, 438
86306, 1366
86308, 1280
86322, 936
86331, 271
86349, 768
86350, 373
86358, 217
86370, 927
86384, 904
86395, 777
86401, 779
86411, 920
86428, 461
86443, 865
86453, 839
86473, 471
86480, 1386
86493, 437
86499, 196
86508, 629
86516, 375
86520, 951
86531, 1496
86536, 1406
86550, 496
86566, 868
86583, 821
86590, 1129
86598, 1294
86603, 858
86619, 504
86626, 922
86634, 836
86636, 748
86642, 181
86655, 1054
86669, 584
86676, 353
86694, 364
86709, 350
86728, 1323
86736, 113
86754, 190
86765, 496
86768, 428
86771, 650
86789, 307
86796, 837
86811, 250
86813, 761
86821, 850
86824, 141
86843, 1445
86857, 1235
86863, 399
86882, 1095
86891, 417
86904, 772
86923, 772
86929, 522
86930, 532
86943, 727
86944, 1364
86948, 805
86955, 891
86962, 911
86978, 1511
86986, 1492
87003, 1209
87020, 408
87038, 721
87049, 444
87051, 1203
87071, 1456
87076, 226
87096, 675
87111, 1433
87114, 691
87127, 567
87137, 882
87138, 147
87156, 524
87167, 712
87184, 441
87185, 1281
87189, 1305
87200, 1528
87220, 206
87231, 568
87245, 1167
87252, 293
87257, 1159
87273, 1155
87282, 535
87283, 157
87288, 359
87305, 1103
87317, 238
87334, 850
87354, 329
87368, 1035
87379, 710
87383, 298
87390, 1425
87409, 1328
87414, 1487
87433, 1256
87442, 1413
87443, 882
87458, 871
87460, 1149
87469, 534
87487, 770
87498, 618
87511, 1364
87530, 964
87547, 234
87561, 295
87563, 1355
87565, 1149
87577, 924
87584, 1389
87589, 211
87609, 1150
87627, 1495
87628, 395
87643, 104
87661, 205
87674, 124
87683, 776
87703, 1506
87719, 926
87736, 1338
87746, 1316
87759, 761
87766, 394
87784, 1563
87790, 465
87804, 298
87810, 1051
87824, 1265
87836, 958
87849, 893
87857, 873
87858, 766
87874, 1016
87879, 805
87888, 1262
87896, 736
87913, 916
87933, 1198
87950, 447
87964, 309
87976, 426
87990, 1238
88009, 797
88027, 464
88029, 998
88041, 968
88052, 1078
88063, 759
88065, 1457
88082, 1136
88087, 526
88101, 279
88109, 1360
88129, 1354
88149, 334
88165, 959
88184, 1070
88204, 258
88207, 1043
88216, 221
88217, 1069
88220, 1057
88239, 328
88249, 863
88258, 1109
88273, 383
88280, 772
88284, 1175
88292, 1264
88312, 763
88331, 1545
88338, 432
88339, 1079
88343, 166
88349, 980
88357, 895
88368, 152
88370, 201
88375, 134
88378, 1195
88381, 1098
88393, 510
88406, 757
88420, 633
88435, 900
88444, 507
88460, 77
88472, 880
88481, 794
88489, 351
88502, 1231
88516, 1506
88526, 507
88532, 1519
88547, 1477
88549, 406
88556, 405
88572, 1562
88590, 776
88609, 520
88616, 356
88619, 673
88621, 1429
88631, 348
88638, 603
88656, 476
88658, 729
88670, 1235
88682, 1317
88693, 1371
88703, 1110
88717, 1236
88726, 130
88736, 1322
88754, 827
88758, 328
88761, 108
88766, 466
88783, 1107
88801, 843
88808, 818
88822, 250
88833, 70
88835, 225
88850, 1120
88854, 1234
88869, 1018
88885, 1389
88902, 492
88909, 959
88914, 712
88926, 1086
88940, 1019
88943, 865
88960, 313
88964, 1533
88965, 66
88970, 227
88980, 926
88995, 280
89005, 338
89019, 1127
89036, 1160
89047, 1266
89058, 601
89076, 1112
89095, 633
89111, 641
89117, 538
89135, 1162
89141, 524
89160, 1514
89165, 1401
89171, 205
89172, 633
89192, 133
89209, 712
89218, 1114
89221, 495
89233, 1194
89236, 647
89244, 1537
89248, 132
89255, 109
89273, 1001
89275, 693
89295, 952
89302, 1311
89309, 1457
89315, 363
89334, 602
89350, 1211
89369, 1138
89385, 1304
89396, 1254
89410, 626
89423, 1211
89435, 766
89448, 649
89454, 1230
89456, 864
89474, 339
89494, 1545
89507, 1143
89518, 723
89527, 354
89542, 1142
89562, 370
89572, 1131
89591, 116
89595, 638
89601, 1012
89602, 493
89609, 1412
89621, 202
89626, 1173
89636, 1166
89643, 95
89655, 1255
89656, 1391
89665, 1343
89671, 445
89682, 637
89693, 858
89710, 1061
89729, 1550
89735, 1315
89754, 966
89774, 777
89778, 362
89796, 1006
89815, 605
89829, 105
89845, 929
89846, 1269
89852, 629
89866, 544
89880, 1180
89890, 171
89892, 424
89900, 414
89904, 882
89908, 225
89914, 760
89922, 1502
89938, 316
89950, 1512
89959, 1283
89965, 1227
89971, 1426
89991, 280
90004, 595
90008, 443
90012, 1184
90028, 1332
90036, 671
90056, 1031
90065, 701
90073, 812
90076, 593
90090, 1461
90097, 787
90117, 909
90135, 1194
90141, 1433
90154, 677
90165, 1180
90174, 1221
90190, 1009
90195, 855
90212, 444
90218, 936
90221, 176
90228, 406
90237, 1487
90242, 129
90245, 66
90249, 1098
90269, 1193
90284, 1254
90290, 547
90306, 1390
90318, 669
90321, 633
90332, 864
90333, 408
90342, 566
90350, 945
90352, 1161
90353, 942
90372, 1400
90381, 924
90390, 581
90402, 849
90420, 256
90423, 1039
90430, 172
90450, 1014
90459, 1379
90462, 585
90477, 181
90496, 96
90500, 531
90513, 1392
90530, 1221
90546, 296
90557, 201
90575, 1231
90581, 426
90595, 721
90603, 65
90614, 1554
90625, 106
90633, 1076
90637, 213
90641, 329
90647, 555
90654, 793
90672, 371
90678, 361
90695, 642
90703, 304
90722, 814
90727, 264
90728, 1337
90731, 1205
90732, 1021
90738, 266
90757, 1459
90773, 1184
90781, 581
90784, 1239
90799, 1436
90813, 74
90833, 622
90847, 1166
90851, 898
90871, 310
90891, 97
90904, 1098
90921, 705
90923, 69
90939, 565
90953, 1035
90973, 768
90979, 1455
90980, 1089
90983, 1389
91001, 122
91017, 167
91025, 359
91043, 1517
91047, 282
91051, 739
91065, 945
91080, 266
91100, 1275
91120, 894
91123, 335
91127, 1186
91144, 617
91156, 1352
91162, 386
91179, 1546
91197, 302
91217, 1041
91220, 92
91237, 782
91244, 242
91257, 558
91267, 989
91278, 1038
91279, 411
91280, 838
91297, 975
91315, 1434
91316, 514
91330, 615
91343, 1319
91363, 907
91364, 516
91383, 743
91401, 599
91417, 559
91432, 541
91439, 279
91457, 562
91465, 269
91477, 829
91497, 340
91503, 403
91519, 459
91537, 1282
91538, 296
91555, 1010
91556, 559
91558, 1192
91575, 365
91578, 629
91593, 1110
91604, 869
91609, 1263
91613, 1536
91632, 1548
91649, 901
91659, 1145
91677, 501
91682, 334
91697, 438
91710, 1260
91724, 313
91727, 1054
91744, 841
91749, 580
91769, 702
91786, 87
91792, 496
91808, 877
91826, 519
91833, 658
91841, 314
91843, 315
91848, 1122
91850, 1094
91869, 278
91878, 1414
91887, 822
91902, 1140
91904, 1132
91923, 1067
91931, 805
91945, 372
91951, 815
91971, 337
91981, 1086
91994, 1275
91999, 181
92016, 721
92028, 427
92035, 1435
92043, 1290
92060, 1479
92072, 131
92089, 190
92098, 318
92114, 622
92116, 1200
92124, 279
92130, 606
92150, 100
92165, 1087
92185, 1003
92189, 1430
92199, 1012
92208, 1237
92219, 1017
92224, 1010
92227, 717
92231, 1536
92235, 1075
92245, 1537
92265, 282
92273, 345
92285, 243
92291, 1464
92307, 1237
92319, 836
92324, 1411
92341, 877
92355, 914
92368, 419
92370, 357
92372, 1166
92373, 975
92386, 643
92391, 1524
92409, 1513
92415, 198
92428, 1241
92433, 1433
92451, 179
92452, 596
92467, 1386
92479, 1226
92492, 458
92497, 201
92501, 71
92502, 238
92517, 533
92524, 1370
92528, 254
92543, 1495
92558, 1164
92573, 1030
92574, 820
92587, 675
92589, 1085
92608, 837
92611, 829
92615, 837
92621, 1228
92635, 1457
92654, 1299
92658, 569
92662, 1044
92668, 604
92683, 911
92686, 1111
92704, 184
92706, 250
92722, 89
92730, 264
92736, 1175
92749, 1433
92761, 188
92770, 1362
92779, 597
92780, 1308
92788, 405
92790, 953
92803, 751
92820, 652
92828, 192
92844, 417
92852, 1426
92868, 911
92886, 454
92893, 345
92895, 1293
92903, 399
92909, 761
92913, 279
92924, 859
92935, 696
92940, 1234
92944, 1154
92963, 1558
92968, 70
92977, 109
92992, 659
93011, 630
93031, 108
93050, 1393
93064, 300
93083, 1171
93094, 64
93107, 1114
93124, 1332
93138, 663
93158, 605
93178, 1097
93191, 168
93199, 221
93201, 691
93217, 1448
93232, 1508
93249, 620
93268, 1214
93283, 819
93291, 704
93294, 124
93301, 1531
93302, 1480
93309, 119
93313, 1008
93332, 1365
93335, 1276
93341, 848
93358, 1151
93361, 694
93372, 996
93386, 1528
93395, 340
93412, 948
93422, 1184
93424, 1025
93431, 858
93443, 752
93462, 167
93465, 706
93481, 1320
93486, 1282
93503, 1357
93506, 545
93525, 613
93526, 1535
93546, 1008
93563, 247
93565, 621
93570, 574
93582, 140
93589, 660
93593, 695
93610, 1223
93611, 147
93624, 1084
93637, 837
93643, 311
93657, 861
93676, 235
93680, 455
93683, 214
93685, 1013
93703, 122
93713, 149
93729, 364
93731, 343
93739, 1468
93751, 580
93757, 717
93765, 967
93785, 1138
93786, 1152
93803, 881
93820, 1080
93830, 359
93836, 949
93850, 580
93863, 471
93876, 305
93880, 1226
93881, 975
93899, 220
93907, 969
93908, 1041
93928, 853
93945, 609
93949, 1019
93964, 549
93978, 267
93994, 1042
94000, 1284
94007, 451
94013, 1220
94030, 1418
94039, 570
94047, 777
94056, 802
94069, 900
94081, 1344
94099, 1029
94110, 759
94112, 787
94130, 699
94141, 592
94151, 289
94169, 511
94173, 538
94186, 937
94204, 1339
94218, 1553
94233, 1427
94247, 1077
94254, 821
94266, 783
94274, 1236
94288, 1046
94294, 412
94295, 1526
94301, 419
94318, 1269
94319, 1079
94338, 1486
94353, 1346
94372, 734
94378, 648
94394, 1386
94401, 543
94403, 292
94419, 321
94428, 505
94439, 949
94446, 1514
94456, 295
94472, 1513
94491, 1041
94504, 187
94510, 1314
94517, 240
94534, 1091
94554, 1327
94569, 1207
94572, 1355
94588, 1515
94596, 204
94616, 133
94630, 170
94643, 716
94655, 710
94658, 1508
94675, 978
94689, 1396
94700, 772
94718, 981
94725, 245
94727, 889
94729, 552
94734, 852
94741, 441
94759, 133
94763, 450
94781, 1133
94791, 1421
94803, 463
94808, 762
94816, 1392
94830, 883
94844, 469
94847, 370
94855, 1381
94856, 513
94859, 1444
94879, 329
94890, 232
94898, 1359
94904, 1352
94922, 1286
94925, 1010
94926, 1335
94943, 1549
94953, 1185
94958, 1134
94963, 1430
94967, 178
94984, 413
94989, 1089
94995, 1256
95003, 497
95013, 1001
95023, 1306
95042, 527
95046, 1049
95064, 820
95082, 1531
95100, 1296
95103, 1219
95114, 1081
95129, 466
95134, 785
95138, 402
95144, 1223
95153, 1261
95171, 1457
95175, 1375
95179, 1462
95184, 310
95202, 399
95221, 802
95225, 316
95233, 240
95236, 1120
95244, 223
95252, 972
95262, 433
95280, 156
95289, 145
95309, 1203
95312, 1365
95322, 1070
95333, 407
95335, 1562
95336, 561
95354, 1401
95370, 614
95387, 621
95403, 493
95414, 895
95426, 164
95443, 1431
95456, 853
95472, 221
95479, 644
95483, 412
95502, 1378
95518, 549
95525, 544
95530, 166
95548, 686
95564, 1459
95575, 417
95594, 1472
95605, 959
95615, 1212
95631, 610
95641, 1222
95646, 1129
95665, 891
95680, 526
95687, 1495
95698, 159
95712, 855
95729, 970
95736, 330
95739, 858
95745, 738
95756, 536
95768, 457
95772, 581
95776, 865
95784, 594
95795, 889
95796, 702
95815, 1081
95832, 1115
95843, 1252
95855, 540
95869, 915
95873, 225
95878, 1461
95879, 1059
95897, 137
95913, 294
95919, 284
95923, 652
95940, 1452
95943, 235
95944, 435
95950, 330
95958, 444
95978, 664
95988, 799
95997, 202
96011, 163
96017, 1386
96028, 821
96035, 283
96054, 1062
96065, 1139
96072, 1513
96083, 1238
96101, 238
96118, 1190
96136, 146
96151, 580
96153, 868
96158, 120
96161, 1175
96173, 1135
96190, 1533
96201, 1348
96203, 788
96216, 905
96236, 1151
96248, 984
96250, 127
96262, 722
96271, 1562
96279, 1469
96283, 1496
96285, 564
96295, 476
96311, 823
96320, 238
96325, 1110
96332, 1430
96340, 507
96360, 1363
96377, 1542
96392, 281
96406, 900
96408, 1159
96420, 525
96423, 1162
96441, 282
96454, 1046
96462, 939
96468, 434
96480, 810
96498, 498
96507, 704
96522, 1030
96523, 1152
96534, 166
96551, 157
96558, 100
96568, 619
96569, 565
96587, 1421
96595, 348
96606, 801
96625, 940
96632, 672
96643, 104
96648, 580
96649, 1052
96652, 79
96663, 1209
96680, 302
96697, 1205
96714, 990
96726, 456
96737, 605
96747, 349
96762, 421
96763, 1401
96771, 820
96791, 1513
96798, 1543
96808, 1319
96824, 1025
96830, 1152
96839, 938
96853, 1383
96854, 333
96858, 1035
96872, 825
96890, 1236
96892, 215
96909, 475
96915, 1385
96923, 301
96927, 601
96929, 151
96940, 645
96941, 1219
96954, 1465
96963, 1365
96975, 762
96995, 667
97007, 1122
97022, 173
97042, 295
97043, 994
97053, 1500
97059, 1187
97063, 718
97066, 336
97083, 331
97099, 392
97103, 1113
97113, 1144
97124, 1149
97138, 685
97148, 1110
97161, 1450
97180, 168
97182, 451
97184, 307
97197, 856
97205, 673
97222, 1152
97235, 867
97252, 1494
97268, 127
97282, 629
97300, 127
97316, 1438
97327, 288
97328, 686
97347, 586
97353, 624
97370, 435
97390, 1553
97406, 82
97412, 1419
97416, 1141
97434, 123
97442, 860
97443, 1266
97462, 1532
97469, 1374
97476, 680
97478, 412
97494, 755
97496, 565
97515, 374
97524, 1013
97527, 547
97542, 551
97554, 151
97559, 1247
97564, 240
97577, 1240
97582, 1269
97595, 882
97613, 1518
97622, 758
97640, 843
97642, 919
97645, 81
97658, 370
97675, 203
97686, 981
97699, 325
97713, 905
97716, 1322
97728, 1139
97748, 1234
97751, 995
97752, 1443
97760, 572
97765, 1254
97772, 535
97777, 696
97780, 1011
97796, 1494
97806, 72
97819, 308
97839, 895
97845, 1016
97862, 1158
97878, 983
97882, 205
97902, 1084
97904, 767
97908, 1346
97914, 1536
97924, 1030
97925, 307
97930, 1168
97947, 744
97953, 418
97963, 1193
97979, 1541
97984, 1056
97995, 797
98012, 475
98013, 1067
98023, 715
98041, 373
98048, 1290
98058, 412
98061, 516
98065, 140
98069, 1335
98086, 693
98106, 678
98111, 1438
98114, 1139
98124, 531
98136, 1341
98151, 1235
98171, 1408
98185, 317
98193, 714
98194, 185
98213, 914
98230, 1463
98233, 183
98246, 1268
98248, 427
98266, 1326
98274, 608
98293, 65
98312, 243
98326, 985
98345, 287
98356, 1398
98371, 1129
98387, 1557
98399, 1518
98405, 497
98425, 344
98445, 326
98463, 248
98480, 1025
98492, 83
98507, 1124
98512, 1067
98513, 507
98525, 849
98534, 1119
98550, 977
98568, 746
98582, 894
98589, 1084
98601, 910
98606, 980
98614, 672
98619, 142
98623, 1160
98629, 1487
98631, 886
98632, 961
98643, 324
98661, 1365
98665, 1529
98679, 1266
98680, 1458
98689, 632
98707, 1078
98725, 1113
98739, 876
98756, 198
98765, 609
98785, 629
98790, 67
98791, 854
98796, 1506
98811, 1288
98829, 1416
98840, 470
98853, 1134
98859, 1229
98876, 281
98892, 1175
98893, 482
98899, 796
98904, 1474
98910, 216
98923, 1221
98938, 517
98947, 157
98956, 827
98975, 533
98989, 65
99003, 1086
99006, 314
99011, 174
99023, 964
99039, 1003
99041, 351
99057, 954
99067, 937
99075, 1429
99085, 1185
99096, 1190
99111, 650
99116, 1085
99123, 1193
99133, 412
99151, 601
99167, 613
99183, 549
99194, 1043
99203, 1400
99208, 648
99215, 333
99219, 1266
99238, 1349
99255, 773
99261, 525
99272, 1321
99287, 1110
99302, 1513
99316, 276
99328, 171
99342, 247
99348, 1208
99350, 756
99357, 186
99370, 1311
99376, 1476
99380, 1488
99400, 238
99409, 156
99420, 970
99425, 1012
99437, 1538
99457, 1332
99465, 835
99481, 721
99484, 493
99499, 899
99501, 660
99519, 1247
99536, 1007
99551, 788
99565, 1519
99566, 1112
99569, 1114
99572, 1524
99582, 523
99591, 1423
99595, 885
99600, 1021
99613, 684
99614, 707
99632, 1184
99648, 1498
99658, 153
99662, 188
99667, 1189
99678, 424
99679, 1044
99684, 1162
99699, 257
99704, 203
99714, 406
99732, 1158
99742, 757
99746, 734
99747, 1464
99761, 770
99769, 594
99771, 331
99783, 679
99802, 749
99817, 1342
99820, 1433
99835, 1056
99852, 1557
99855, 1116
99875, 216
99890, 593
99903, 579
99905, 1440
99918, 1304
99937, 278
99948, 1142
99963, 804
99979, 694
99985, 1197
99993, 489
99996, 156
100016, 1034
100029, 527
100030, 1341
100045, 1527
100065, 667
100067, 529
100081, 444
100094, 1068
100103, 839
100120, 736
100131, 252
100133, 1174
100152, 732
100170, 941
100188, 128
100197, 980
100214, 527
100219, 1469
100231, 1558
100242, 178
100258, 705
100259, 1430
100275, 740
100288, 1398
100308, 1061
100314, 716
100317, 1188
100326, 1451
100341, 828
100352, 573
100354, 1351
100355, 746
100375, 1489
100395, 1094
100401, 877
100408, 644
100409, 1021
100418, 747
100425, 579
100432, 306
100437, 1204
100442, 567
100456, 732
100476, 273
100495, 250
100504, 566
100512, 1037
100515, 238
100524, 575
100534, 117
100542, 661
100545, 87
100547, 388
100557, 1170
100574, 1538
100581, 1019
100582, 311
100590, 105
100607, 1366
100610, 126
100626, 275
100646, 1092
100649, 1423
100653, 163
100654, 254
100666, 1027
100676, 471
100683, 321
100691, 852
100708, 353
100711, 620
100725, 923
100744, 1507
100754, 454
100774, 425
100780, 1351
100789, 490
100793, 1558
100808, 511
100818, 814
100822, 268
100830, 1280
100833, 1525
100840, 1015
100847, 1043
100859, 493
100867, 757
100885, 1484
100893, 691
100912, 1401
100918, 1281
100919, 1212
100926, 759
100927, 1414
100941, 1431
100960, 568
100961, 1443
100981, 800
100989, 242
101000, 1189
101006, 1365
101011, 254
101029, 310
101034, 291
101046, 1075
101065, 1043
101072, 895
101089, 1521
101106, 1330
101109, 1074
101126, 1007
101131, 490
101132, 379
101142, 1283
101158, 927
101165, 250
101166, 300
101169, 767
101178, 798
101187, 1552
101197, 951
101211, 1444
101215, 190
101219, 1477
101223, 424
101237, 655
101244, 489
101262, 199
101265, 522
101269, 661
101273, 890
101285, 1460
101291, 646
101292, 1474
101294, 205
101314, 1094
101320, 620
101321, 1136
101334, 1287
101353, 438
101356, 108
101362, 81
101371, 1291
101391, 1198
101395, 1098
101396, 137
101400, 1294
101404, 965
101410, 974
101415, 477
101424, 1408
101440, 1367
101453, 1229
101467, 423
101476, 232
101483, 574
101490, 994
101509, 476
101523, 1057
101524, 414
101539, 1374
101552, 1080
101571, 1267
101576, 266
101580, 1401
101594, 189
101599, 746
101614, 937
101617, 1203
101635, 345
101640, 967
101646, 1446
101666, 739
101668, 235
101676, 821
101684, 1288
101689, 431
101697, 1434
101707, 1134
101720, 215
101722, 926
101726, 1222
101729, 487
101733, 493
101748, 1544
101766, 1177
101775, 896
101793, 234
101802, 846
101803, 456
101806, 281
101819, 952
101837, 1196
101846, 343
101854, 342
101856, 320
101876, 1253
101887, 192
101893, 292
101896, 307
101910, 534
101918, 700
101934, 349
101940, 505
101951, 560
101960, 773
101968, 1364
101984, 158
101993, 69
102011, 686
102020, 107
102030, 1172
102041, 435
102052, 451
102059, 552
102067, 807
102079, 765
102093, 430
102095, 1552
102112, 1377
102113, 203
102124, 291
102127, 623
102128, 974
102147, 1102
102149, 1117
102156, 1466
102175, 984
102186, 370
102198, 1122
102216, 551
102231, 504
102250, 1175
102268, 1119
102284, 1228
102285, 1424
102297, 949
102307, 581
102322, 1341
102326, 891
102341, 552
102355, 1254
102359, 989
102371, 1357
102382, 933
102388, 798
102390, 1001
102402, 835
102416, 178
102426, 1255
102444, 1226
102445, 1003
102452, 1477
102453, 1525
102466, 962
102475, 450
102477, 826
102481, 1222
102493, 607
102506, 240
102513, 1109
102526, 539
102541, 811
102552, 285
102563, 1302
102579, 1097
102586, 89
102595, 162
102610, 512
102612, 1433
102621, 90
102637, 1151
102644, 1037
102661, 381
102673, 209
102679, 708
102684, 164
102701, 1213
102703, 84
102715, 492
102730, 385
102736, 606
102748, 789
102757, 497
102761, 625
102765, 391
102774, 758
102779, 274
102794, 448
102803, 327
102815, 1117
102818, 452
102820, 1441
102834, 851
102845, 817
102860, 716
102861, 1277
102876, 1282
102892, 458
102897, 295
102906, 164
102920, 949
102940, 1229
102956, 1255
102973, 331
102982, 1427
102985, 310
102993, 1015
103006, 1292
103015, 295
103032, 200
103045, 1303
103047, 1405
103058, 1325
103078, 1461
103095, 893
103106, 290
103124, 163
103136, 159
103142, 649
103153, 734
103156, 982
103165, 697
103170, 1330
103178, 1186
103190, 83
103195, 1123
103207, 1019
103216, 1010
103230, 707
103234, 553
103247, 1015
103252, 706
103271, 1363
103289, 865
103290, 1402
103300, 822
103304, 368
103308, 1416
103314, 949
103329, 330
103330, 1028
103340, 634
103345, 181
103348, 375
103364, 367
103379, 651
103392, 1041
103404, 928
103405, 75
103414, 358
103428, 504
103432, 266
103445, 1125
103450, 966
103465, 508
103476, 1316
103494, 642
103511, 207
103512, 529
103519, 1096
103528, 251
103541, 902
103550, 1167
103565, 1320
103577, 1333
103582, 1114
103592, 872
103609, 1550
103614, 333
103629, 72
103634, 799
103646, 441
103651, 745
103665, 1248
103668, 155
103686, 313
103703, 805
103706, 614
103724, 477
103739, 451
103740, 171
103748, 1502
103768, 1541
103776, 507
103779, 539
103783, 1124
103789, 697
103802, 152
103819, 88
103835, 125
103841, 1235
103849, 979
103865, 446
103870, 987
103880, 174
103899, 1308
103917, 94
103921, 1317
103940, 1133
103958, 1207
103963, 65
103979, 437
103994, 735
104009, 405
104018, 696
104038, 1096
104050, 100
104058, 1357
104072, 862
104082, 1186
104089, 351
104097, 584
104109, 145
104110, 1319
104127, 1422
104130, 841
104148, 1429
104160, 1523
104173, 1030
104178, 1201
104189, 1061
104198, 851
104218, 1204
104229, 1487
104249, 208
104264, 1338
104267, 1148
104285, 1353
104304, 802
104308, 1393
104309, 1233
104319, 334
104333, 1424
104349, 555
104367, 815
104371, 850
104389, 1215
104409, 1541
104410, 1081
104426, 990
104430, 377
104442, 1159
104462, 897
104478, 1201
104482, 1311
104502, 654
104513, 350
104524, 1464
104536, 810
104543, 1132
104551, 1449
104554, 247
104568, 1122
104580, 1211
104581, 1156
104597, 797
104617, 766
104632, 402
104640, 513
104659, 524
104672, 1425
104687, 110
104697, 105
104708, 1318
104714, 386
104728, 550
104734, 175
104753, 557
104772, 1018
104790, 600
104805, 472
104811, 616
104821, 1041
104824, 1406
104837, 266
104855, 1028
104867, 132
104877, 1501
104897, 486
104903, 261
104906, 886
104910, 301
104917, 1088
104937, 1030
104954, 142
